index	namespace	metadata_type_name	source_file	status	bytes
4		DontLoadDefaultSetting	DontLoadDefaultSetting.cs	ok	136
5		FrameRateCounter	FrameRateCounter.cs	ok	1234
6		ObjToStr	ObjToStr.cs	ok	3874
7	ContentManifest	CHJsonParser	ContentManifest/CHJsonParser.cs	ok	312
8	ContentManifest	ContentHashParser	ContentManifest/ContentHashParser.cs	ok	299
9	ContentManifest.Internal	CHArray	ContentManifest.Internal/CHArray.cs	ok	1035
10	ContentManifest.Internal	CHBoolean	ContentManifest.Internal/CHBoolean.cs	ok	1010
11	ContentManifest.Internal	CHElement	ContentManifest.Internal/CHElement.cs	ok	262
12	ContentManifest.Internal	CHJson	ContentManifest.Internal/CHJson.cs	ok	213
13	ContentManifest.Internal	CHJsonParserContext	ContentManifest.Internal/CHJsonParserContext.cs	ok	592
14	ContentManifest.Internal	CHNumber	ContentManifest.Internal/CHNumber.cs	ok	2392
15	ContentManifest.Internal	CHObject	ContentManifest.Internal/CHObject.cs	ok	1366
16	ContentManifest.Internal	CHParsable	ContentManifest.Internal/CHParsable.cs	ok	113
17	ContentManifest.Internal	CHString	ContentManifest.Internal/CHString.cs	ok	2093
18	ContentManifest.Internal	CHValue	ContentManifest.Internal/CHValue.cs	ok	2020
19	ContentManifest.Internal	CHValueEnum	ContentManifest.Internal/CHValueEnum.cs	ok	128
20	ContentManifest.Internal	CHValueUnion	ContentManifest.Internal/CHValueUnion.cs	ok	434
21	Force.DeepCloner	DeepClonerExtensions	Force.DeepCloner/DeepClonerExtensions.cs	ok	1135
22	Force.DeepCloner.Helpers	ClonerToExprGenerator	Force.DeepCloner.Helpers/ClonerToExprGenerator.cs	ok	9631
23	Force.DeepCloner.Helpers	DeepCloneState	Force.DeepCloner.Helpers/DeepCloneState.cs	ok	4224
24	Force.DeepCloner.Helpers	DeepClonerCache	Force.DeepCloner.Helpers/DeepClonerCache.cs	ok	2191
25	Force.DeepCloner.Helpers	DeepClonerExprGenerator	Force.DeepCloner.Helpers/DeepClonerExprGenerator.cs	ok	7322
26	Force.DeepCloner.Helpers	DeepClonerGenerator	Force.DeepCloner.Helpers/DeepClonerGenerator.cs	ok	5682
27	Force.DeepCloner.Helpers	DeepClonerSafeTypes	Force.DeepCloner.Helpers/DeepClonerSafeTypes.cs	ok	2774
28	Force.DeepCloner.Helpers	ReflectionHelper	Force.DeepCloner.Helpers/ReflectionHelper.cs	ok	2264
29	Force.DeepCloner.Helpers	ShallowClonerGenerator	Force.DeepCloner.Helpers/ShallowClonerGenerator.cs	ok	479
30	Force.DeepCloner.Helpers	ShallowObjectCloner	Force.DeepCloner.Helpers/ShallowObjectCloner.cs	ok	1412
31	Ionic.Crc	CRC32	Ionic.Crc/CRC32.cs	ok	4872
32	Ionic.Crc	CrcCalculatorStream	Ionic.Crc/CrcCalculatorStream.cs	ok	2982
33	Ionic.Zlib	Adler	Ionic.Zlib/Adler.cs	ok	1311
34	Ionic.Zlib	BlockState	Ionic.Zlib/BlockState.cs	ok	103
35	Ionic.Zlib	CompressionLevel	Ionic.Zlib/CompressionLevel.cs	ok	279
36	Ionic.Zlib	CompressionMode	Ionic.Zlib/CompressionMode.cs	ok	78
37	Ionic.Zlib	CompressionStrategy	Ionic.Zlib/CompressionStrategy.cs	ok	93
38	Ionic.Zlib	DeflateFlavor	Ionic.Zlib/DeflateFlavor.cs	ok	76
39	Ionic.Zlib	DeflateManager	Ionic.Zlib/DeflateManager.cs	ok	29779
40	Ionic.Zlib	FlushType	Ionic.Zlib/FlushType.cs	ok	88
41	Ionic.Zlib	GZipStream	Ionic.Zlib/GZipStream.cs	ok	7184
42	Ionic.Zlib	InfTree	Ionic.Zlib/InfTree.cs	ok	12421
43	Ionic.Zlib	InflateBlocks	Ionic.Zlib/InflateBlocks.cs	ok	13304
44	Ionic.Zlib	InflateCodes	Ionic.Zlib/InflateCodes.cs	ok	14511
45	Ionic.Zlib	InflateManager	Ionic.Zlib/InflateManager.cs	ok	7921
46	Ionic.Zlib	InternalConstants	Ionic.Zlib/InternalConstants.cs	ok	559
47	Ionic.Zlib	InternalInflateConstants	Ionic.Zlib/InternalInflateConstants.cs	ok	226
48	Ionic.Zlib	SharedUtils	Ionic.Zlib/SharedUtils.cs	ok	770
49	Ionic.Zlib	StaticTree	Ionic.Zlib/StaticTree.cs	ok	3816
50	Ionic.Zlib	Tree	Ionic.Zlib/Tree.cs	ok	8256
51	Ionic.Zlib	ZlibBaseStream	Ionic.Zlib/ZlibBaseStream.cs	ok	11717
52	Ionic.Zlib	ZlibCodec	Ionic.Zlib/ZlibCodec.cs	ok	5583
53	Ionic.Zlib	ZlibConstants	Ionic.Zlib/ZlibConstants.cs	ok	460
54	Ionic.Zlib	ZlibException	Ionic.Zlib/ZlibException.cs	ok	247
55	Ionic.Zlib	ZlibStream	Ionic.Zlib/ZlibStream.cs	ok	4504
56	Ionic.Zlib	ZlibStreamFlavor	Ionic.Zlib/ZlibStreamFlavor.cs	ok	88
57	LWJGL	LZ4	LWJGL/LZ4.cs	ok	1385
58	Microsoft.CodeAnalysis	EmbeddedAttribute	Microsoft.CodeAnalysis/EmbeddedAttribute.cs	ok	199
59	Netcode	AbstractNetEvent1`1	Netcode/AbstractNetEvent1.cs	ok	2775
60	Netcode	AbstractNetSerializable	Netcode/AbstractNetSerializable.cs	ok	4695
61	Netcode	BinaryReaderWriterExtensions	Netcode/BinaryReaderWriterExtensions.cs	ok	4197
62	Netcode	FieldChange`2	Netcode/FieldChange.cs	ok	122
63	Netcode	ILoggingWriter	Netcode/ILoggingWriter.cs	ok	95
64	Netcode	INetObject`1	Netcode/INetObject.cs	ok	108
65	Netcode	INetRoot	Netcode/INetRoot.cs	ok	130
66	Netcode	INetSerializable	Netcode/INetSerializable.cs	ok	529
67	Netcode	InterpolationCancellable	Netcode/InterpolationCancellable.cs	ok	95
68	Netcode	NetArray`2	Netcode/NetArray.cs	ok	5193
69	Netcode	NetBool	Netcode/NetBool.cs	ok	671
70	Netcode	NetByte	Netcode/NetByte.cs	ok	673
71	Netcode	NetClock	Netcode/NetClock.cs	ok	1101
72	Netcode	NetCollection`1	Netcode/NetCollection.cs	ok	4689
73	Netcode	NetColor	Netcode/NetColor.cs	ok	1367
74	Netcode	NetDictionary`5	Netcode/NetDictionary.cs	ok	21521
75	Netcode	NetDouble	Netcode/NetDouble.cs	ok	846
76	Netcode	NetEnum`1	Netcode/NetEnum.cs	ok	1323
77	Netcode	NetEvent0	Netcode/NetEvent0.cs	ok	1216
78	Netcode	NetEvent1Field`2	Netcode/NetEvent1Field.cs	ok	467
79	Netcode	NetEvent1`1	Netcode/NetEvent1.cs	ok	369
80	Netcode	NetEventArg	Netcode/NetEventArg.cs	ok	139
81	Netcode	NetEventBinary	Netcode/NetEventBinary.cs	ok	1050
82	Netcode	NetExtendableRef`2	Netcode/NetExtendableRef.cs	ok	2279
83	Netcode	NetFieldBase`2	Netcode/NetFieldBase.cs	ok	6494
84	Netcode	NetFieldDictionary`5	Netcode/NetFieldDictionary.cs	ok	789
85	Netcode	NetField`2	Netcode/NetField.cs	ok	748
86	Netcode	NetFields	Netcode/NetFields.cs	ok	5594
87	Netcode	NetFloat	Netcode/NetFloat.cs	ok	820
88	Netcode	NetGuid	Netcode/NetGuid.cs	ok	686
89	Netcode	NetGuidDictionary`2	Netcode/NetGuidDictionary.cs	ok	574
90	Netcode	NetHashSet`1	Netcode/NetHashSet.cs	ok	6151
91	Netcode	NetHelper	Netcode/NetHelper.cs	ok	242
92	Netcode	NetInt	Netcode/NetInt.cs	ok	957
93	Netcode	NetIntDelta	Netcode/NetIntDelta.cs	ok	1656
94	Netcode	NetIntHashSet	Netcode/NetIntHashSet.cs	ok	269
95	Netcode	NetIntList	Netcode/NetIntList.cs	ok	686
96	Netcode	NetList`2	Netcode/NetList.cs	ok	7926
97	Netcode	NetLong	Netcode/NetLong.cs	ok	830
98	Netcode	NetLongList	Netcode/NetLongList.cs	ok	695
99	Netcode	NetNullableEnum`1	Netcode/NetNullableEnum.cs	ok	1737
100	Netcode	NetObjectArray`1	Netcode/NetObjectArray.cs	ok	317
101	Netcode	NetObjectList`1	Netcode/NetObjectList.cs	ok	320
102	Netcode	NetObjectShrinkList`1	Netcode/NetObjectShrinkList.cs	ok	5704
103	Netcode	NetPoint	Netcode/NetPoint.cs	ok	1753
104	Netcode	NetRectangle	Netcode/NetRectangle.cs	ok	2669
105	Netcode	NetRefBase`2	Netcode/NetRefBase.cs	ok	5153
106	Netcode	NetRefTypes	Netcode/NetRefTypes.cs	ok	2037
107	Netcode	NetRef`1	Netcode/NetRef.cs	ok	196
108	Netcode	NetRootDictionary`2	Netcode/NetRootDictionary.cs	ok	3987
109	Netcode	NetRoot`1	Netcode/NetRoot.cs	ok	2663
110	Netcode	NetRotation	Netcode/NetRotation.cs	ok	1068
111	Netcode	NetString	Netcode/NetString.cs	ok	1143
112	Netcode	NetStringHashSet	Netcode/NetStringHashSet.cs	ok	396
113	Netcode	NetStringList	Netcode/NetStringList.cs	ok	288
114	Netcode	NetVector2	Netcode/NetVector2.cs	ok	5445
115	Netcode	NetVector2HashSet	Netcode/NetVector2HashSet.cs	ok	408
116	Netcode	NetVersion	Netcode/NetVersion.cs	ok	2877
117	Netcode	SerializationCollectionFacade`1	Netcode/SerializationCollectionFacade.cs	ok	519
118	Netcode	SerializationFacade`1	Netcode/SerializationFacade.cs	ok	539
119	Netcode.Validation	NetFieldValidator	Netcode.Validation/NetFieldValidator.cs	ok	2017
120	Netcode.Validation	NetFieldValidatorEntry	Netcode.Validation/NetFieldValidatorEntry.cs	ok	1489
121	Netcode.Validation	NotImplicitNetFieldAttribute	Netcode.Validation/NotImplicitNetFieldAttribute.cs	ok	145
122	Netcode.Validation	NotNetFieldAttribute	Netcode.Validation/NotNetFieldAttribute.cs	ok	137
123	Sickhead.Engine.Util	MemberInfoExtensions	Sickhead.Engine.Util/MemberInfoExtensions.cs	ok	2837
124	StardewValley	AbortNetSynchronizerException	StardewValley/AbortNetSynchronizerException.cs	ok	100
125	StardewValley	AnimalHouse	StardewValley/AnimalHouse.cs	ok	6252
126	StardewValley	AnimatedSprite	StardewValley/AnimatedSprite.cs	ok	14975
127	StardewValley	ArgUtility	StardewValley/ArgUtility.cs	ok	17737
128	StardewValley	Background	StardewValley/Background.cs	ok	11361
129	StardewValley	BatTemporarySprite	StardewValley/BatTemporarySprite.cs	ok	1787
130	StardewValley	Buff	StardewValley/Buff.cs	ok	5227
131	StardewValley	BuildingPaintColor	StardewValley/BuildingPaintColor.cs	ok	3511
132	StardewValley	BuildingPainter	StardewValley/BuildingPainter.cs	ok	3360
133	StardewValley	BundleGenerator	StardewValley/BundleGenerator.cs	ok	6223
134	StardewValley	ButtonCollection	StardewValley/ButtonCollection.cs	ok	5786
135	StardewValley	CachedMultiplayerMap	StardewValley/CachedMultiplayerMap.cs	ok	231
136	StardewValley	ChangeType	StardewValley/ChangeType.cs	ok	75
137	StardewValley	CharEnteredHandler	StardewValley/CharEnteredHandler.cs	ok	104
138	StardewValley	Character	StardewValley/Character.cs	ok	38704
139	StardewValley	CharacterEventArgs	StardewValley/CharacterEventArgs.cs	ok	503
140	StardewValley	ChatCommands	StardewValley/ChatCommands.cs	ok	21359
141	StardewValley	Chunk	StardewValley/Chunk.cs	ok	2924
142	StardewValley	CollisionMask	StardewValley/CollisionMask.cs	ok	356
143	StardewValley	CosmeticDebris	StardewValley/CosmeticDebris.cs	ok	2704
144	StardewValley	CraftingRecipe	StardewValley/CraftingRecipe.cs	ok	17549
145	StardewValley	Crop	StardewValley/Crop.cs	ok	32909
146	StardewValley	CueWrapper	StardewValley/CueWrapper.cs	ok	1674
147	StardewValley	DataLoader	StardewValley/DataLoader.cs	ok	13946
148	StardewValley	Debris	StardewValley/Debris.cs	ok	27633
149	StardewValley	DebugCommands	StardewValley/DebugCommands.cs	ok	176531
150	StardewValley	DebugMetricsComponent	StardewValley/DebugMetricsComponent.cs	ok	5647
151	StardewValley	DebugTimings	StardewValley/DebugTimings.cs	ok	1937
152	StardewValley	DebugTools	StardewValley/DebugTools.cs	ok	2872
153	StardewValley	DelayedAction	StardewValley/DelayedAction.cs	ok	7290
154	StardewValley	DesktopClipboard	StardewValley/DesktopClipboard.cs	ok	2100
155	StardewValley	Dialogue	StardewValley/Dialogue.cs	ok	51105
156	StardewValley	DialogueLine	StardewValley/DialogueLine.cs	ok	368
157	StardewValley	DisposableList`1	StardewValley/DisposableList.cs	ok	953
158	StardewValley	DummyCue	StardewValley/DummyCue.cs	ok	807
159	StardewValley	DummySoundBank	StardewValley/DummySoundBank.cs	ok	659
160	StardewValley	Event	StardewValley/Event.cs	ok	478903
161	StardewValley	EventContext	StardewValley/EventContext.cs	ok	631
162	StardewValley	EventScript_GreenTea	StardewValley/EventScript_GreenTea.cs	ok	27578
163	StardewValley	Farm	StardewValley/Farm.cs	ok	51179
164	StardewValley	FarmAnimal	StardewValley/FarmAnimal.cs	ok	65503
165	StardewValley	Farmer	StardewValley/Farmer.cs	ok	244977
166	StardewValley	FarmerPair	StardewValley/FarmerPair.cs	ok	846
167	StardewValley	FarmerRenderer	StardewValley/FarmerRenderer.cs	ok	37562
168	StardewValley	FarmerSprite	StardewValley/FarmerSprite.cs	ok	58018
169	StardewValley	FarmerTeam	StardewValley/FarmerTeam.cs	ok	48017
170	StardewValley	Fence	StardewValley/Fence.cs	ok	23338
171	StardewValley	Friendship	StardewValley/Friendship.cs	ok	4385
172	StardewValley	FriendshipStatus	StardewValley/FriendshipStatus.cs	ok	109
173	StardewValley	Game1	StardewValley/Game1.cs	ok	491700
174	StardewValley	GameLocation	StardewValley/GameLocation.cs	ok	549151
175	StardewValley	GameRunner	StardewValley/GameRunner.cs	ok	10969
176	StardewValley	GameStateQuery	StardewValley/GameStateQuery.cs	ok	71666
177	StardewValley	HUDMessage	StardewValley/HUDMessage.cs	ok	7369
178	StardewValley	HairStyleMetadata	StardewValley/HairStyleMetadata.cs	ok	264
179	StardewValley	HouseRenovation	StardewValley/HouseRenovation.cs	ok	11029
180	StardewValley	IAnimalLocation	StardewValley/IAnimalLocation.cs	ok	540
181	StardewValley	ICue	StardewValley/ICue.cs	ok	549
182	StardewValley	ICustomEventScript	StardewValley/ICustomEventScript.cs	ok	248
183	StardewValley	IHaveModData	StardewValley/IHaveModData.cs	ok	181
184	StardewValley	IKeyboardSubscriber	StardewValley/IKeyboardSubscriber.cs	ok	293
185	StardewValley	ISalable	StardewValley/ISalable.cs	ok	1030
186	StardewValley	ISittable	StardewValley/ISittable.cs	ok	534
187	StardewValley	ISoundBank	StardewValley/ISoundBank.cs	ok	422
188	StardewValley	InputButton	StardewValley/InputButton.cs	ok	1342
189	StardewValley	InputState	StardewValley/InputState.cs	ok	2705
190	StardewValley	InstanceGame	StardewValley/InstanceGame.cs	ok	1682
191	StardewValley	InstanceStatics	StardewValley/InstanceStatics.cs	ok	127
192	StardewValley	InstancedStatic	StardewValley/InstancedStatic.cs	ok	127
193	StardewValley	InteriorDoor	StardewValley/InteriorDoor.cs	ok	4482
194	StardewValley	InteriorDoorDictionary	StardewValley/InteriorDoorDictionary.cs	ok	3547
195	StardewValley	IslandGemBird	StardewValley/IslandGemBird.cs	ok	6567
196	StardewValley	Item	StardewValley/Item.cs	ok	19816
197	StardewValley	ItemContextTagManager	StardewValley/ItemContextTagManager.cs	ok	10963
198	StardewValley	ItemRegistry	StardewValley/ItemRegistry.cs	ok	9285
199	StardewValley	ItemStockInformation	StardewValley/ItemStockInformation.cs	ok	978
200	StardewValley	KeyEventArgs	StardewValley/KeyEventArgs.cs	ok	245
201	StardewValley	KeyEventHandler	StardewValley/KeyEventHandler.cs	ok	95
202	StardewValley	KeyboardDispatcher	StardewValley/KeyboardDispatcher.cs	ok	4931
203	StardewValley	KeyboardInput	StardewValley/KeyboardInput.cs	ok	2562
204	StardewValley	LegacyShims	StardewValley/LegacyShims.cs	ok	717
205	StardewValley	LightSource	StardewValley/LightSource.cs	ok	5373
206	StardewValley	LocalMultiplayer	StardewValley/LocalMultiplayer.cs	ok	6163
207	StardewValley	LocalizedContentManager	StardewValley/LocalizedContentManager.cs	ok	14799
208	StardewValley	LocationContexts	StardewValley/LocationContexts.cs	ok	690
209	StardewValley	LocationRequest	StardewValley/LocationRequest.cs	ok	1035
210	StardewValley	LoggingBinaryWriter	StardewValley/LoggingBinaryWriter.cs	ok	2548
211	StardewValley	MachineDataUtility	StardewValley/MachineDataUtility.cs	ok	11616
212	StardewValley	MapSeat	StardewValley/MapSeat.cs	ok	11015
213	StardewValley	MarriageDialogueReference	StardewValley/MarriageDialogueReference.cs	ok	3678
214	StardewValley	MovieConcession	StardewValley/MovieConcession.cs	ok	2957
215	StardewValley	MovieInvitation	StardewValley/MovieInvitation.cs	ok	1028
216	StardewValley	MovieViewerLockEvent	StardewValley/MovieViewerLockEvent.cs	ok	934
217	StardewValley	Multiplayer	StardewValley/Multiplayer.cs	ok	47884
218	StardewValley	MultipleMutexRequest	StardewValley/MultipleMutexRequest.cs	ok	2200
219	StardewValley	NPC	StardewValley/NPC.cs	ok	212770
220	StardewValley	NPCController	StardewValley/NPCController.cs	ok	3790
221	StardewValley	NPCDialogueResponse	StardewValley/NPCDialogueResponse.cs	ok	709
222	StardewValley	NetFarmerPairDictionary`2	StardewValley/NetFarmerPairDictionary.cs	ok	750
223	StardewValley	NetIntIntArrayDictionary	StardewValley/NetIntIntArrayDictionary.cs	ok	740
224	StardewValley	NetLogRecord	StardewValley/NetLogRecord.cs	ok	121
225	StardewValley	NetLogger	StardewValley/NetLogger.cs	ok	1781
226	StardewValley	NetStringIntArrayDictionary	StardewValley/NetStringIntArrayDictionary.cs	ok	762
227	StardewValley	NetSynchronizer	StardewValley/NetSynchronizer.cs	ok	3412
228	StardewValley	NewDaySynchronizer	StardewValley/NewDaySynchronizer.cs	ok	2751
229	StardewValley	Noise	StardewValley/Noise.cs	ok	5591
230	StardewValley	NoiseGenerator	StardewValley/NoiseGenerator.cs	ok	1636
231	StardewValley	NonInstancedStatic	StardewValley/NonInstancedStatic.cs	ok	130
232	StardewValley	NumberSprite	StardewValley/NumberSprite.cs	ok	1445
233	StardewValley	Object	StardewValley/Object.cs	ok	223984
234	StardewValley	Options	StardewValley/Options.cs	ok	48896
235	StardewValley	Preconditions	StardewValley/Preconditions.cs	ok	20625
236	StardewValley	Program	StardewValley/Program.cs	ok	6454
237	StardewValley	Prop	StardewValley/Prop.cs	ok	1300
238	StardewValley	Proposal	StardewValley/Proposal.cs	ok	1150
239	StardewValley	ProposalResponse	StardewValley/ProposalResponse.cs	ok	87
240	StardewValley	ProposalType	StardewValley/ProposalType.cs	ok	87
241	StardewValley	PurchaseableKeyItem	StardewValley/PurchaseableKeyItem.cs	ok	2653
242	StardewValley	RainDrop	StardewValley/RainDrop.cs	ok	241
243	StardewValley	ReportHasRoomAnotherFarmDelegate	StardewValley/ReportHasRoomAnotherFarmDelegate.cs	ok	91
244	StardewValley	Response	StardewValley/Response.cs	ok	380
245	StardewValley	Rumble	StardewValley/Rumble.cs	ok	2023
246	StardewValley	SaveGame	StardewValley/SaveGame.cs	ok	55195
247	StardewValley	SeaMonsterTemporarySprite	StardewValley/SeaMonsterTemporarySprite.cs	ok	1424
248	StardewValley	SerializableDictionaryWithCaseInsensitiveKeys`1	StardewValley/SerializableDictionaryWithCaseInsensitiveKeys.cs	ok	490
249	StardewValley	SerializableDictionary`2	StardewValley/SerializableDictionary.cs	ok	4779
250	StardewValley	ServerPrivacy	StardewValley/ServerPrivacy.cs	ok	91
251	StardewValley	Shed	StardewValley/Shed.cs	ok	1030
252	StardewValley	SlimeHutch	StardewValley/SlimeHutch.cs	ok	4351
253	StardewValley	SoundBankWrapper	StardewValley/SoundBankWrapper.cs	ok	1269
254	StardewValley	StackDrawType	StardewValley/StackDrawType.cs	ok	110
255	StardewValley	StartMovieEvent	StardewValley/StartMovieEvent.cs	ok	1831
256	StardewValley	StartupPreferences	StardewValley/StartupPreferences.cs	ok	7115
257	StardewValley	Stats	StardewValley/Stats.cs	ok	24853
258	StardewValley	StatsDictionary`1	StardewValley/StatsDictionary.cs	ok	626
259	StardewValley	StringBuilderFormatEx	StardewValley/StringBuilderFormatEx.cs	ok	13076
260	StardewValley	TemporaryAnimatedSprite	StardewValley/TemporaryAnimatedSprite.cs	ok	60868
261	StardewValley	TemporaryAnimatedSpriteList	StardewValley/TemporaryAnimatedSpriteList.cs	ok	1983
262	StardewValley	TilePositionComparer	StardewValley/TilePositionComparer.cs	ok	315
263	StardewValley	Tool	StardewValley/Tool.cs	ok	34819
264	StardewValley	Torch	StardewValley/Torch.cs	ok	11842
265	StardewValley	Utility	StardewValley/Utility.cs	ok	213230
266	StardewValley	Warp	StardewValley/Warp.cs	ok	1737
267	StardewValley	WaterTiles	StardewValley/WaterTiles.cs	ok	994
268	StardewValley	WeatherDebris	StardewValley/WeatherDebris.cs	ok	3621
269	StardewValley	WorldDate	StardewValley/WorldDate.cs	ok	4530
270	StardewValley.Audio	AudioCategoryWrapper	StardewValley.Audio/AudioCategoryWrapper.cs	ok	330
271	StardewValley.Audio	AudioCueModificationManager	StardewValley.Audio/AudioCueModificationManager.cs	ok	2566
272	StardewValley.Audio	AudioEngineWrapper	StardewValley.Audio/AudioEngineWrapper.cs	ok	681
273	StardewValley.Audio	DummyAudioCategory	StardewValley.Audio/DummyAudioCategory.cs	ok	128
274	StardewValley.Audio	DummyAudioEngine	StardewValley.Audio/DummyAudioEngine.cs	ok	483
275	StardewValley.Audio	IAudioCategory	StardewValley.Audio/IAudioCategory.cs	ok	99
276	StardewValley.Audio	IAudioEngine	StardewValley.Audio/IAudioEngine.cs	ok	285
277	StardewValley.Audio	ISoundsHelper	StardewValley.Audio/ISoundsHelper.cs	ok	543
278	StardewValley.Audio	LoopingCueManager	StardewValley.Audio/LoopingCueManager.cs	ok	1198
279	StardewValley.Audio	SoundContext	StardewValley.Audio/SoundContext.cs	ok	76
280	StardewValley.Audio	SoundsHelper	StardewValley.Audio/SoundsHelper.cs	ok	4898
281	StardewValley.BellsAndWhistles	AmbientLocationSounds	StardewValley.BellsAndWhistles/AmbientLocationSounds.cs	ok	5695
282	StardewValley.BellsAndWhistles	Bird	StardewValley.BellsAndWhistles/Bird.cs	ok	6289
283	StardewValley.BellsAndWhistles	Birdie	StardewValley.BellsAndWhistles/Birdie.cs	ok	6623
284	StardewValley.BellsAndWhistles	Butterfly	StardewValley.BellsAndWhistles/Butterfly.cs	ok	7991
285	StardewValley.BellsAndWhistles	CalderaMonkey	StardewValley.BellsAndWhistles/CalderaMonkey.cs	ok	5276
286	StardewValley.BellsAndWhistles	Cloud	StardewValley.BellsAndWhistles/Cloud.cs	ok	1541
287	StardewValley.BellsAndWhistles	CrabCritter	StardewValley.BellsAndWhistles/CrabCritter.cs	ok	5454
288	StardewValley.BellsAndWhistles	Critter	StardewValley.BellsAndWhistles/Critter.cs	ok	2234
289	StardewValley.BellsAndWhistles	Crow	StardewValley.BellsAndWhistles/Crow.cs	ok	5381
290	StardewValley.BellsAndWhistles	EmilysParrot	StardewValley.BellsAndWhistles/EmilysParrot.cs	ok	2898
291	StardewValley.BellsAndWhistles	Firefly	StardewValley.BellsAndWhistles/Firefly.cs	ok	1773
292	StardewValley.BellsAndWhistles	Frog	StardewValley.BellsAndWhistles/Frog.cs	ok	4470
293	StardewValley.BellsAndWhistles	Lexicon	StardewValley.BellsAndWhistles/Lexicon.cs	ok	6676
294	StardewValley.BellsAndWhistles	MoneyDial	StardewValley.BellsAndWhistles/MoneyDial.cs	ok	4150
295	StardewValley.BellsAndWhistles	Opossum	StardewValley.BellsAndWhistles/Opossum.cs	ok	2948
296	StardewValley.BellsAndWhistles	OverheadParrot	StardewValley.BellsAndWhistles/OverheadParrot.cs	ok	3343
297	StardewValley.BellsAndWhistles	Owl	StardewValley.BellsAndWhistles/Owl.cs	ok	1392
298	StardewValley.BellsAndWhistles	ParrotPlatform	StardewValley.BellsAndWhistles/ParrotPlatform.cs	ok	14681
299	StardewValley.BellsAndWhistles	ParrotUpgradePerch	StardewValley.BellsAndWhistles/ParrotUpgradePerch.cs	ok	32394
300	StardewValley.BellsAndWhistles	PerchingBirds	StardewValley.BellsAndWhistles/PerchingBirds.cs	ok	3621
301	StardewValley.BellsAndWhistles	PlayerStatusList	StardewValley.BellsAndWhistles/PlayerStatusList.cs	ok	7148
302	StardewValley.BellsAndWhistles	Rabbit	StardewValley.BellsAndWhistles/Rabbit.cs	ok	1952
303	StardewValley.BellsAndWhistles	SandDuggy	StardewValley.BellsAndWhistles/SandDuggy.cs	ok	6616
304	StardewValley.BellsAndWhistles	ScreenFade	StardewValley.BellsAndWhistles/ScreenFade.cs	ok	3753
305	StardewValley.BellsAndWhistles	ScreenSwipe	StardewValley.BellsAndWhistles/ScreenSwipe.cs	ok	5672
306	StardewValley.BellsAndWhistles	Seagull	StardewValley.BellsAndWhistles/Seagull.cs	ok	5244
307	StardewValley.BellsAndWhistles	SebsFrogs	StardewValley.BellsAndWhistles/SebsFrogs.cs	ok	1269
308	StardewValley.BellsAndWhistles	SparklingText	StardewValley.BellsAndWhistles/SparklingText.cs	ok	5485
309	StardewValley.BellsAndWhistles	SpriteText	StardewValley.BellsAndWhistles/SpriteText.cs	ok	29670
310	StardewValley.BellsAndWhistles	Squirrel	StardewValley.BellsAndWhistles/Squirrel.cs	ok	3718
311	StardewValley.BellsAndWhistles	SuspensionBridge	StardewValley.BellsAndWhistles/SuspensionBridge.cs	ok	3576
312	StardewValley.BellsAndWhistles	Train	StardewValley.BellsAndWhistles/Train.cs	ok	5279
313	StardewValley.BellsAndWhistles	TrainCar	StardewValley.BellsAndWhistles/TrainCar.cs	ok	7902
314	StardewValley.BellsAndWhistles	Woodpecker	StardewValley.BellsAndWhistles/Woodpecker.cs	ok	3963
315	StardewValley.Buffs	BuffAttributeDisplay	StardewValley.Buffs/BuffAttributeDisplay.cs	ok	1319
316	StardewValley.Buffs	BuffEffects	StardewValley.Buffs/BuffEffects.cs	ok	5164
317	StardewValley.Buffs	BuffManager	StardewValley.Buffs/BuffManager.cs	ok	5239
318	StardewValley.Buildings	Barn	StardewValley.Buildings/Barn.cs	ok	257
319	StardewValley.Buildings	Building	StardewValley.Buildings/Building.cs	ok	83222
320	StardewValley.Buildings	Coop	StardewValley.Buildings/Coop.cs	ok	257
321	StardewValley.Buildings	FishPond	StardewValley.Buildings/FishPond.cs	ok	43032
322	StardewValley.Buildings	GreenhouseBuilding	StardewValley.Buildings/GreenhouseBuilding.cs	ok	4377
323	StardewValley.Buildings	IndoorsType	StardewValley.Buildings/IndoorsType.cs	ok	91
324	StardewValley.Buildings	JumpingFish	StardewValley.Buildings/JumpingFish.cs	ok	2620
325	StardewValley.Buildings	JunimoHut	StardewValley.Buildings/JunimoHut.cs	ok	10878
326	StardewValley.Buildings	Mill	StardewValley.Buildings/Mill.cs	ok	1600
327	StardewValley.Buildings	PetBowl	StardewValley.Buildings/PetBowl.cs	ok	3214
328	StardewValley.Buildings	PondFishSilhouette	StardewValley.Buildings/PondFishSilhouette.cs	ok	5154
329	StardewValley.Buildings	ShippingBin	StardewValley.Buildings/ShippingBin.cs	ok	9000
330	StardewValley.Buildings	Stable	StardewValley.Buildings/Stable.cs	ok	2148
331	StardewValley.Characters	Cat	StardewValley.Characters/Cat.cs	ok	303
332	StardewValley.Characters	Child	StardewValley.Characters/Child.cs	ok	35028
333	StardewValley.Characters	Dog	StardewValley.Characters/Dog.cs	ok	303
334	StardewValley.Characters	Horse	StardewValley.Characters/Horse.cs	ok	28082
335	StardewValley.Characters	Junimo	StardewValley.Characters/Junimo.cs	ok	20912
336	StardewValley.Characters	JunimoHarvester	StardewValley.Characters/JunimoHarvester.cs	ok	20141
337	StardewValley.Characters	Pet	StardewValley.Characters/Pet.cs	ok	37896
338	StardewValley.Characters	Raccoon	StardewValley.Characters/Raccoon.cs	ok	13294
339	StardewValley.Characters	TrashBear	StardewValley.Characters/TrashBear.cs	ok	9318
340	StardewValley.Companions	Companion	StardewValley.Companions/Companion.cs	ok	3562
341	StardewValley.Companions	FlyingCompanion	StardewValley.Companions/FlyingCompanion.cs	ok	7016
342	StardewValley.Companions	HoppingCompanion	StardewValley.Companions/HoppingCompanion.cs	ok	2171
343	StardewValley.Companions	HungryFrogCompanion	StardewValley.Companions/HungryFrogCompanion.cs	ok	9633
344	StardewValley.ConsoleAsync	AsyncOperationManager	StardewValley.ConsoleAsync/AsyncOperationManager.cs	ok	2481
345	StardewValley.ConsoleAsync	AsyncTaskOperation	StardewValley.ConsoleAsync/AsyncTaskOperation.cs	ok	476
346	StardewValley.ConsoleAsync	GenericOp	StardewValley.ConsoleAsync/GenericOp.cs	ok	693
347	StardewValley.ConsoleAsync	GenericResult	StardewValley.ConsoleAsync/GenericResult.cs	ok	153
348	StardewValley.ConsoleAsync	IAsyncOperation	StardewValley.ConsoleAsync/IAsyncOperation.cs	ok	155
349	StardewValley.Constants	AchievementIds	StardewValley.Constants/AchievementIds.cs	ok	1467
350	StardewValley.Constants	EventIds	StardewValley.Constants/EventIds.cs	ok	527
351	StardewValley.Constants	StatKeys	StardewValley.Constants/StatKeys.cs	ok	5262
352	StardewValley.Delegates	ChatCommandHandlerDelegate	StardewValley.Delegates/ChatCommandHandlerDelegate.cs	ok	145
353	StardewValley.Delegates	DebugCommandHandlerDelegate	StardewValley.Delegates/DebugCommandHandlerDelegate.cs	ok	151
354	StardewValley.Delegates	EventCommandDelegate	StardewValley.Delegates/EventCommandDelegate.cs	ok	130
355	StardewValley.Delegates	EventPreconditionDelegate	StardewValley.Delegates/EventPreconditionDelegate.cs	ok	138
356	StardewValley.Delegates	FestivalCleanupDelegate	StardewValley.Delegates/FestivalCleanupDelegate.cs	ok	84
357	StardewValley.Delegates	FestivalDailySetupDelegate	StardewValley.Delegates/FestivalDailySetupDelegate.cs	ok	87
358	StardewValley.Delegates	ForEachItemDelegate	StardewValley.Delegates/ForEachItemDelegate.cs	ok	140
359	StardewValley.Delegates	GameStateQueryContext	StardewValley.Delegates/GameStateQueryContext.cs	ok	830
360	StardewValley.Delegates	GameStateQueryDelegate	StardewValley.Delegates/GameStateQueryDelegate.cs	ok	128
361	StardewValley.Delegates	GetForEachItemPathDelegate	StardewValley.Delegates/GetForEachItemPathDelegate.cs	ok	131
362	StardewValley.Delegates	MachineInteractDelegate	StardewValley.Delegates/MachineInteractDelegate.cs	ok	136
363	StardewValley.Delegates	MachineOutputDelegate	StardewValley.Delegates/MachineOutputDelegate.cs	ok	245
364	StardewValley.Delegates	ResolveItemQueryDelegate	StardewValley.Delegates/ResolveItemQueryDelegate.cs	ok	323
365	StardewValley.Delegates	TriggerActionContext	StardewValley.Delegates/TriggerActionContext.cs	ok	479
366	StardewValley.Delegates	TriggerActionDelegate	StardewValley.Delegates/TriggerActionDelegate.cs	ok	143
367	StardewValley.Enchantments	AmethystEnchantment	StardewValley.Enchantments/AmethystEnchantment.cs	ok	586
368	StardewValley.Enchantments	AquamarineEnchantment	StardewValley.Enchantments/AquamarineEnchantment.cs	ok	622
369	StardewValley.Enchantments	ArchaeologistEnchantment	StardewValley.Enchantments/ArchaeologistEnchantment.cs	ok	360
370	StardewValley.Enchantments	ArtfulEnchantment	StardewValley.Enchantments/ArtfulEnchantment.cs	ok	157
371	StardewValley.Enchantments	AttackEnchantment	StardewValley.Enchantments/AttackEnchantment.cs	ok	583
372	StardewValley.Enchantments	AutoHookEnchantment	StardewValley.Enchantments/AutoHookEnchantment.cs	ok	162
373	StardewValley.Enchantments	AxeEnchantment	StardewValley.Enchantments/AxeEnchantment.cs	ok	226
374	StardewValley.Enchantments	BaseEnchantment	StardewValley.Enchantments/BaseEnchantment.cs	ok	8401
375	StardewValley.Enchantments	BaseWeaponEnchantment	StardewValley.Enchantments/BaseWeaponEnchantment.cs	ok	438
376	StardewValley.Enchantments	BottomlessEnchantment	StardewValley.Enchantments/BottomlessEnchantment.cs	ok	567
377	StardewValley.Enchantments	BugKillerEnchantment	StardewValley.Enchantments/BugKillerEnchantment.cs	ok	562
378	StardewValley.Enchantments	CritEnchantment	StardewValley.Enchantments/CritEnchantment.cs	ok	612
379	StardewValley.Enchantments	CritPowerEnchantment	StardewValley.Enchantments/CritPowerEnchantment.cs	ok	623
380	StardewValley.Enchantments	CrusaderEnchantment	StardewValley.Enchantments/CrusaderEnchantment.cs	ok	649
381	StardewValley.Enchantments	DefenseEnchantment	StardewValley.Enchantments/DefenseEnchantment.cs	ok	586
382	StardewValley.Enchantments	DiamondEnchantment	StardewValley.Enchantments/DiamondEnchantment.cs	ok	217
383	StardewValley.Enchantments	EfficientToolEnchantment	StardewValley.Enchantments/EfficientToolEnchantment.cs	ok	700
384	StardewValley.Enchantments	EmeraldEnchantment	StardewValley.Enchantments/EmeraldEnchantment.cs	ok	585
385	StardewValley.Enchantments	FisherEnchantment	StardewValley.Enchantments/FisherEnchantment.cs	ok	297
386	StardewValley.Enchantments	FishingRodEnchantment	StardewValley.Enchantments/FishingRodEnchantment.cs	ok	316
387	StardewValley.Enchantments	GalaxySoulEnchantment	StardewValley.Enchantments/GalaxySoulEnchantment.cs	ok	348
388	StardewValley.Enchantments	GenerousEnchantment	StardewValley.Enchantments/GenerousEnchantment.cs	ok	350
389	StardewValley.Enchantments	HaymakerEnchantment	StardewValley.Enchantments/HaymakerEnchantment.cs	ok	1527
390	StardewValley.Enchantments	HoeEnchantment	StardewValley.Enchantments/HoeEnchantment.cs	ok	226
391	StardewValley.Enchantments	JadeEnchantment	StardewValley.Enchantments/JadeEnchantment.cs	ok	620
392	StardewValley.Enchantments	LightweightEnchantment	StardewValley.Enchantments/LightweightEnchantment.cs	ok	620
393	StardewValley.Enchantments	MagicEnchantment	StardewValley.Enchantments/MagicEnchantment.cs	ok	1265
394	StardewValley.Enchantments	MasterEnchantment	StardewValley.Enchantments/MasterEnchantment.cs	ok	157
395	StardewValley.Enchantments	MilkPailEnchantment	StardewValley.Enchantments/MilkPailEnchantment.cs	ok	236
396	StardewValley.Enchantments	PanEnchantment	StardewValley.Enchantments/PanEnchantment.cs	ok	226
397	StardewValley.Enchantments	PickaxeEnchantment	StardewValley.Enchantments/PickaxeEnchantment.cs	ok	234
398	StardewValley.Enchantments	PowerfulEnchantment	StardewValley.Enchantments/PowerfulEnchantment.cs	ok	885
399	StardewValley.Enchantments	PreservingEnchantment	StardewValley.Enchantments/PreservingEnchantment.cs	ok	165
400	StardewValley.Enchantments	ReachingToolEnchantment	StardewValley.Enchantments/ReachingToolEnchantment.cs	ok	377
401	StardewValley.Enchantments	RubyEnchantment	StardewValley.Enchantments/RubyEnchantment.cs	ok	1208
402	StardewValley.Enchantments	ShavingEnchantment	StardewValley.Enchantments/ShavingEnchantment.cs	ok	152
403	StardewValley.Enchantments	ShearsEnchantment	StardewValley.Enchantments/ShearsEnchantment.cs	ok	232
404	StardewValley.Enchantments	SlimeGathererEnchantment	StardewValley.Enchantments/SlimeGathererEnchantment.cs	ok	909
405	StardewValley.Enchantments	SlimeSlayerEnchantment	StardewValley.Enchantments/SlimeSlayerEnchantment.cs	ok	737
406	StardewValley.Enchantments	SwiftToolEnchantment	StardewValley.Enchantments/SwiftToolEnchantment.cs	ok	763
407	StardewValley.Enchantments	TopazEnchantment	StardewValley.Enchantments/TopazEnchantment.cs	ok	589
408	StardewValley.Enchantments	VampiricEnchantment	StardewValley.Enchantments/VampiricEnchantment.cs	ok	810
409	StardewValley.Enchantments	WateringCanEnchantment	StardewValley.Enchantments/WateringCanEnchantment.cs	ok	242
410	StardewValley.Enchantments	WeaponSpeedEnchantment	StardewValley.Enchantments/WeaponSpeedEnchantment.cs	ok	616
411	StardewValley.Events	BaseFarmEvent	StardewValley.Events/BaseFarmEvent.cs	ok	768
412	StardewValley.Events	BirthingEvent	StardewValley.Events/BirthingEvent.cs	ok	4750
413	StardewValley.Events	DiaryEvent	StardewValley.Events/DiaryEvent.cs	ok	1856
414	StardewValley.Events	FairyEvent	StardewValley.Events/FairyEvent.cs	ok	5870
415	StardewValley.Events	FarmEvent	StardewValley.Events/FarmEvent.cs	ok	327
416	StardewValley.Events	MovieTheaterScreeningEvent	StardewValley.Events/MovieTheaterScreeningEvent.cs	ok	27636
417	StardewValley.Events	PlayerCoupleBirthingEvent	StardewValley.Events/PlayerCoupleBirthingEvent.cs	ok	5185
418	StardewValley.Events	QiPlaneEvent	StardewValley.Events/QiPlaneEvent.cs	ok	5878
419	StardewValley.Events	QuestionEvent	StardewValley.Events/QuestionEvent.cs	ok	4123
420	StardewValley.Events	SoundInTheNightEvent	StardewValley.Events/SoundInTheNightEvent.cs	ok	6749
421	StardewValley.Events	WitchEvent	StardewValley.Events/WitchEvent.cs	ok	6840
422	StardewValley.Events	WorldChangeEvent	StardewValley.Events/WorldChangeEvent.cs	ok	37039
423	StardewValley.Extensions	CollectionExtensions	StardewValley.Extensions/CollectionExtensions.cs	ok	2087
424	StardewValley.Extensions	FrameworkExtensions	StardewValley.Extensions/FrameworkExtensions.cs	ok	4770
425	StardewValley.Extensions	GameExtensions	StardewValley.Extensions/GameExtensions.cs	ok	976
426	StardewValley.Extensions	ItemExtensions	StardewValley.Extensions/ItemExtensions.cs	ok	544
427	StardewValley.Extensions	ItemRegistryExtensions	StardewValley.Extensions/ItemRegistryExtensions.cs	ok	396
428	StardewValley.Extensions	RandomExtensions	StardewValley.Extensions/RandomExtensions.cs	ok	1482
429	StardewValley.Extensions	ReflectionExtensions	StardewValley.Extensions/ReflectionExtensions.cs	ok	1147
430	StardewValley.Extensions	StringExtensions	StardewValley.Extensions/StringExtensions.cs	ok	851
431	StardewValley.Hashing	HashUtility	StardewValley.Hashing/HashUtility.cs	ok	696
432	StardewValley.Hashing	IHashUtility	StardewValley.Hashing/IHashUtility.cs	ok	166
433	StardewValley.Internal	ForEachItemContext	StardewValley.Internal/ForEachItemContext.cs	ok	2341
434	StardewValley.Internal	ForEachItemHelper	StardewValley.Internal/ForEachItemHelper.cs	ok	8532
435	StardewValley.Internal	ItemQueryContext	StardewValley.Internal/ItemQueryContext.cs	ok	1151
436	StardewValley.Internal	ItemQueryResolver	StardewValley.Internal/ItemQueryResolver.cs	ok	32130
437	StardewValley.Internal	ItemQueryResult	StardewValley.Internal/ItemQueryResult.cs	ok	366
438	StardewValley.Internal	ItemQuerySearchMode	StardewValley.Internal/ItemQuerySearchMode.cs	ok	129
439	StardewValley.Internal	LogBuilder	StardewValley.Internal/LogBuilder.cs	ok	717
440	StardewValley.Internal	OtherNamesAttribute	StardewValley.Internal/OtherNamesAttribute.cs	ok	256
441	StardewValley.Internal	ShopBuilder	StardewValley.Internal/ShopBuilder.cs	ok	7212
442	StardewValley.Internal	StaticDelegateBuilder	StardewValley.Internal/StaticDelegateBuilder.cs	ok	2942
443	StardewValley.Inventories	IInventory	StardewValley.Inventories/IInventory.cs	ok	861
444	StardewValley.Inventories	Inventory	StardewValley.Inventories/Inventory.cs	ok	7702
445	StardewValley.Inventories	InventoryIndex	StardewValley.Inventories/InventoryIndex.cs	ok	2472
446	StardewValley.Inventories	OnInventoryReplacedDelegate	StardewValley.Inventories/OnInventoryReplacedDelegate.cs	ok	183
447	StardewValley.Inventories	OnSlotChangedDelegate	StardewValley.Inventories/OnSlotChangedDelegate.cs	ok	139
448	StardewValley.ItemTypeDefinitions	BaseItemDataDefinition	StardewValley.ItemTypeDefinitions/BaseItemDataDefinition.cs	ok	1216
449	StardewValley.ItemTypeDefinitions	BigCraftableDataDefinition	StardewValley.ItemTypeDefinitions/BigCraftableDataDefinition.cs	ok	1909
450	StardewValley.ItemTypeDefinitions	BootsDataDefinition	StardewValley.ItemTypeDefinitions/BootsDataDefinition.cs	ok	1986
451	StardewValley.ItemTypeDefinitions	FlooringDataDefinition	StardewValley.ItemTypeDefinitions/FlooringDataDefinition.cs	ok	3315
452	StardewValley.ItemTypeDefinitions	FurnitureDataDefinition	StardewValley.ItemTypeDefinitions/FurnitureDataDefinition.cs	ok	2123
453	StardewValley.ItemTypeDefinitions	HatDataDefinition	StardewValley.ItemTypeDefinitions/HatDataDefinition.cs	ok	2015
454	StardewValley.ItemTypeDefinitions	IHaveItemTypeId	StardewValley.ItemTypeDefinitions/IHaveItemTypeId.cs	ok	108
455	StardewValley.ItemTypeDefinitions	IItemDataDefinition	StardewValley.ItemTypeDefinitions/IItemDataDefinition.cs	ok	631
456	StardewValley.ItemTypeDefinitions	ItemMetadata	StardewValley.ItemTypeDefinitions/ItemMetadata.cs	ok	2385
457	StardewValley.ItemTypeDefinitions	MannequinDataDefinition	StardewValley.ItemTypeDefinitions/MannequinDataDefinition.cs	ok	1337
458	StardewValley.ItemTypeDefinitions	ObjectDataDefinition	StardewValley.ItemTypeDefinitions/ObjectDataDefinition.cs	ok	12468
459	StardewValley.ItemTypeDefinitions	PantsDataDefinition	StardewValley.ItemTypeDefinitions/PantsDataDefinition.cs	ok	1563
460	StardewValley.ItemTypeDefinitions	ParsedItemData	StardewValley.ItemTypeDefinitions/ParsedItemData.cs	ok	3655
461	StardewValley.ItemTypeDefinitions	ShirtDataDefinition	StardewValley.ItemTypeDefinitions/ShirtDataDefinition.cs	ok	1548
462	StardewValley.ItemTypeDefinitions	ToolDataDefinition	StardewValley.ItemTypeDefinitions/ToolDataDefinition.cs	ok	3788
463	StardewValley.ItemTypeDefinitions	TrinketDataDefinition	StardewValley.ItemTypeDefinitions/TrinketDataDefinition.cs	ok	1354
464	StardewValley.ItemTypeDefinitions	WallpaperDataDefinition	StardewValley.ItemTypeDefinitions/WallpaperDataDefinition.cs	ok	3317
465	StardewValley.ItemTypeDefinitions	WeaponDataDefinition	StardewValley.ItemTypeDefinitions/WeaponDataDefinition.cs	ok	2122
466	StardewValley.Locations	AbandonedJojaMart	StardewValley.Locations/AbandonedJojaMart.cs	ok	2538
467	StardewValley.Locations	AdventureGuild	StardewValley.Locations/AdventureGuild.cs	ok	7763
468	StardewValley.Locations	BathHousePool	StardewValley.Locations/BathHousePool.cs	ok	3249
469	StardewValley.Locations	Beach	StardewValley.Locations/Beach.cs	ok	27111
470	StardewValley.Locations	BeachNightMarket	StardewValley.Locations/BeachNightMarket.cs	ok	9782
471	StardewValley.Locations	BoatTunnel	StardewValley.Locations/BoatTunnel.cs	ok	20277
472	StardewValley.Locations	BugLand	StardewValley.Locations/BugLand.cs	ok	2401
473	StardewValley.Locations	BusStop	StardewValley.Locations/BusStop.cs	ok	12931
474	StardewValley.Locations	Cabin	StardewValley.Locations/Cabin.cs	ok	5667
475	StardewValley.Locations	Caldera	StardewValley.Locations/Caldera.cs	ok	6936
476	StardewValley.Locations	Cellar	StardewValley.Locations/Cellar.cs	ok	1414
477	StardewValley.Locations	Club	StardewValley.Locations/Club.cs	ok	1126
478	StardewValley.Locations	CommunityCenter	StardewValley.Locations/CommunityCenter.cs	ok	37349
479	StardewValley.Locations	DecoratableLocation	StardewValley.Locations/DecoratableLocation.cs	ok	20342
480	StardewValley.Locations	DecorationFacade	StardewValley.Locations/DecorationFacade.cs	ok	2366
481	StardewValley.Locations	Desert	StardewValley.Locations/Desert.cs	ok	17378
482	StardewValley.Locations	DesertFestival	StardewValley.Locations/DesertFestival.cs	ok	69674
483	StardewValley.Locations	DwarfGate	StardewValley.Locations/DwarfGate.cs	ok	5703
484	StardewValley.Locations	FarmCave	StardewValley.Locations/FarmCave.cs	ok	8539
485	StardewValley.Locations	FarmHouse	StardewValley.Locations/FarmHouse.cs	ok	76356
486	StardewValley.Locations	FishShop	StardewValley.Locations/FishShop.cs	ok	3643
487	StardewValley.Locations	Forest	StardewValley.Locations/Forest.cs	ok	41289
488	StardewValley.Locations	IslandEast	StardewValley.Locations/IslandEast.cs	ok	16342
489	StardewValley.Locations	IslandFarmCave	StardewValley.Locations/IslandFarmCave.cs	ok	13684
490	StardewValley.Locations	IslandFarmHouse	StardewValley.Locations/IslandFarmHouse.cs	ok	6453
491	StardewValley.Locations	IslandFieldOffice	StardewValley.Locations/IslandFieldOffice.cs	ok	25786
492	StardewValley.Locations	IslandForestLocation	StardewValley.Locations/IslandForestLocation.cs	ok	4876
493	StardewValley.Locations	IslandHut	StardewValley.Locations/IslandHut.cs	ok	17814
494	StardewValley.Locations	IslandLocation	StardewValley.Locations/IslandLocation.cs	ok	16547
495	StardewValley.Locations	IslandNorth	StardewValley.Locations/IslandNorth.cs	ok	29336
496	StardewValley.Locations	IslandSecret	StardewValley.Locations/IslandSecret.cs	ok	11963
497	StardewValley.Locations	IslandShrine	StardewValley.Locations/IslandShrine.cs	ok	4887
498	StardewValley.Locations	IslandSouth	StardewValley.Locations/IslandSouth.cs	ok	32759
499	StardewValley.Locations	IslandSouthEast	StardewValley.Locations/IslandSouthEast.cs	ok	10239
500	StardewValley.Locations	IslandSouthEastCave	StardewValley.Locations/IslandSouthEastCave.cs	ok	7600
501	StardewValley.Locations	IslandWest	StardewValley.Locations/IslandWest.cs	ok	27136
502	StardewValley.Locations	IslandWestCave1	StardewValley.Locations/IslandWestCave1.cs	ok	12465
503	StardewValley.Locations	JojaMart	StardewValley.Locations/JojaMart.cs	ok	6066
504	StardewValley.Locations	LibraryMuseum	StardewValley.Locations/LibraryMuseum.cs	ok	17316
505	StardewValley.Locations	ManorHouse	StardewValley.Locations/ManorHouse.cs	ok	15613
506	StardewValley.Locations	MermaidHouse	StardewValley.Locations/MermaidHouse.cs	ok	25687
507	StardewValley.Locations	Mine	StardewValley.Locations/Mine.cs	ok	518
508	StardewValley.Locations	MineInfo	StardewValley.Locations/MineInfo.cs	ok	182
509	StardewValley.Locations	MineShaft	StardewValley.Locations/MineShaft.cs	ok	137105
510	StardewValley.Locations	Mountain	StardewValley.Locations/Mountain.cs	ok	13799
511	StardewValley.Locations	MovieTheater	StardewValley.Locations/MovieTheater.cs	ok	52434
512	StardewValley.Locations	Racer	StardewValley.Locations/Racer.cs	ok	10785
513	StardewValley.Locations	Railroad	StardewValley.Locations/Railroad.cs	ok	9548
514	StardewValley.Locations	SeedShop	StardewValley.Locations/SeedShop.cs	ok	972
515	StardewValley.Locations	Sewer	StardewValley.Locations/Sewer.cs	ok	2606
516	StardewValley.Locations	ShopLocation	StardewValley.Locations/ShopLocation.cs	ok	6430
517	StardewValley.Locations	Submarine	StardewValley.Locations/Submarine.cs	ok	16029
518	StardewValley.Locations	Summit	StardewValley.Locations/Summit.cs	ok	68699
519	StardewValley.Locations	Town	StardewValley.Locations/Town.cs	ok	54604
520	StardewValley.Locations	VolcanoDungeon	StardewValley.Locations/VolcanoDungeon.cs	ok	80785
521	StardewValley.Locations	Wisp	StardewValley.Locations/Wisp.cs	ok	2920
522	StardewValley.Locations	WizardHouse	StardewValley.Locations/WizardHouse.cs	ok	2762
523	StardewValley.Locations	Woods	StardewValley.Locations/Woods.cs	ok	16270
524	StardewValley.Logging	CheatCommandChatLogger	StardewValley.Logging/CheatCommandChatLogger.cs	ok	928
525	StardewValley.Logging	DefaultLogger	StardewValley.Logging/DefaultLogger.cs	ok	2846
526	StardewValley.Logging	IGameLogger	StardewValley.Logging/IGameLogger.cs	ok	257
527	StardewValley.Menus	AboutMenu	StardewValley.Menus/AboutMenu.cs	ok	8144
528	StardewValley.Menus	AdvancedGameOptions	StardewValley.Menus/AdvancedGameOptions.cs	ok	21429
529	StardewValley.Menus	AnimalPage	StardewValley.Menus/AnimalPage.cs	ok	17943
530	StardewValley.Menus	AnimalQueryMenu	StardewValley.Menus/AnimalQueryMenu.cs	ok	20408
531	StardewValley.Menus	AnimationPreviewTool	StardewValley.Menus/AnimationPreviewTool.cs	ok	11484
532	StardewValley.Menus	Billboard	StardewValley.Menus/Billboard.cs	ok	18562
533	StardewValley.Menus	BobberBar	StardewValley.Menus/BobberBar.cs	ok	23657
534	StardewValley.Menus	BuffsDisplay	StardewValley.Menus/BuffsDisplay.cs	ok	9473
535	StardewValley.Menus	BuildingPaintMenu	StardewValley.Menus/BuildingPaintMenu.cs	ok	27929
536	StardewValley.Menus	BuildingSkinMenu	StardewValley.Menus/BuildingSkinMenu.cs	ok	7441
537	StardewValley.Menus	Bundle	StardewValley.Menus/Bundle.cs	ok	12580
538	StardewValley.Menus	BundleIngredientDescription	StardewValley.Menus/BundleIngredientDescription.cs	ok	916
539	StardewValley.Menus	ButtonTutorialMenu	StardewValley.Menus/ButtonTutorialMenu.cs	ok	1758
540	StardewValley.Menus	CarpenterMenu	StardewValley.Menus/CarpenterMenu.cs	ok	50008
541	StardewValley.Menus	CharacterCustomization	StardewValley.Menus/CharacterCustomization.cs	ok	107927
542	StardewValley.Menus	ChatBox	StardewValley.Menus/ChatBox.cs	ok	18687
543	StardewValley.Menus	ChatMessage	StardewValley.Menus/ChatMessage.cs	ok	5032
544	StardewValley.Menus	ChatSnippet	StardewValley.Menus/ChatSnippet.cs	ok	418
545	StardewValley.Menus	ChatTextBox	StardewValley.Menus/ChatTextBox.cs	ok	4279
546	StardewValley.Menus	ChooseFromIconsMenu	StardewValley.Menus/ChooseFromIconsMenu.cs	ok	12050
547	StardewValley.Menus	ChooseFromListMenu	StardewValley.Menus/ChooseFromListMenu.cs	ok	5815
548	StardewValley.Menus	ClickableAnimatedComponent	StardewValley.Menus/ClickableAnimatedComponent.cs	ok	1242
549	StardewValley.Menus	ClickableComponent	StardewValley.Menus/ClickableComponent.cs	ok	3339
550	StardewValley.Menus	ClickableTextureComponent	StardewValley.Menus/ClickableTextureComponent.cs	ok	3689
551	StardewValley.Menus	CollectionsPage	StardewValley.Menus/CollectionsPage.cs	ok	28374
552	StardewValley.Menus	ColorPicker	StardewValley.Menus/ColorPicker.cs	ok	7199
553	StardewValley.Menus	ConfirmationDialog	StardewValley.Menus/ConfirmationDialog.cs	ok	5795
554	StardewValley.Menus	CoopMenu	StardewValley.Menus/CoopMenu.cs	ok	25707
555	StardewValley.Menus	CraftingPage	StardewValley.Menus/CraftingPage.cs	ok	22112
556	StardewValley.Menus	DayTimeMoneyBox	StardewValley.Menus/DayTimeMoneyBox.cs	ok	19598
557	StardewValley.Menus	DialogueBox	StardewValley.Menus/DialogueBox.cs	ok	29587
558	StardewValley.Menus	DigitEntryMenu	StardewValley.Menus/DigitEntryMenu.cs	ok	4820
559	StardewValley.Menus	DiscreteColorPicker	StardewValley.Menus/DiscreteColorPicker.cs	ok	4023
560	StardewValley.Menus	DyeMenu	StardewValley.Menus/DyeMenu.cs	ok	16957
561	StardewValley.Menus	EmojiMenu	StardewValley.Menus/EmojiMenu.cs	ok	4462
562	StardewValley.Menus	EmoteMenu	StardewValley.Menus/EmoteMenu.cs	ok	9564
563	StardewValley.Menus	EmoteSelector	StardewValley.Menus/EmoteSelector.cs	ok	8138
564	StardewValley.Menus	ExitPage	StardewValley.Menus/ExitPage.cs	ok	3919
565	StardewValley.Menus	FarmerBoxButton	StardewValley.Menus/FarmerBoxButton.cs	ok	219
566	StardewValley.Menus	FarmersBox	StardewValley.Menus/FarmersBox.cs	ok	2997
567	StardewValley.Menus	FarmhandMenu	StardewValley.Menus/FarmhandMenu.cs	ok	7923
568	StardewValley.Menus	FieldOfficeMenu	StardewValley.Menus/FieldOfficeMenu.cs	ok	13064
569	StardewValley.Menus	ForgeMenu	StardewValley.Menus/ForgeMenu.cs	ok	36443
570	StardewValley.Menus	GameMenu	StardewValley.Menus/GameMenu.cs	ok	17158
571	StardewValley.Menus	GeodeMenu	StardewValley.Menus/GeodeMenu.cs	ok	17172
572	StardewValley.Menus	IClickableMenu	StardewValley.Menus/IClickableMenu.cs	ok	55003
573	StardewValley.Menus	ICreditsBlock	StardewValley.Menus/ICreditsBlock.cs	ok	346
574	StardewValley.Menus	IScreenReadable	StardewValley.Menus/IScreenReadable.cs	ok	180
575	StardewValley.Menus	ImageCreditsBlock	StardewValley.Menus/ImageCreditsBlock.cs	ok	1264
576	StardewValley.Menus	InventoryMenu	StardewValley.Menus/InventoryMenu.cs	ok	17095
577	StardewValley.Menus	InventoryPage	StardewValley.Menus/InventoryPage.cs	ok	31922
578	StardewValley.Menus	InviteCodeDialog	StardewValley.Menus/InviteCodeDialog.cs	ok	1205
579	StardewValley.Menus	ItemExitBehavior	StardewValley.Menus/ItemExitBehavior.cs	ok	113
580	StardewValley.Menus	ItemGrabMenu	StardewValley.Menus/ItemGrabMenu.cs	ok	46178
581	StardewValley.Menus	ItemListMenu	StardewValley.Menus/ItemListMenu.cs	ok	5830
582	StardewValley.Menus	JojaCDMenu	StardewValley.Menus/JojaCDMenu.cs	ok	6662
583	StardewValley.Menus	JunimoNoteMenu	StardewValley.Menus/JunimoNoteMenu.cs	ok	56571
584	StardewValley.Menus	LanguageSelectionMenu	StardewValley.Menus/LanguageSelectionMenu.cs	ok	8222
585	StardewValley.Menus	LetterViewerMenu	StardewValley.Menus/LetterViewerMenu.cs	ok	30359
586	StardewValley.Menus	LevelUpMenu	StardewValley.Menus/LevelUpMenu.cs	ok	26894
587	StardewValley.Menus	LinkCreditsBlock	StardewValley.Menus/LinkCreditsBlock.cs	ok	1244
588	StardewValley.Menus	LoadGameMenu	StardewValley.Menus/LoadGameMenu.cs	ok	34158
589	StardewValley.Menus	LocalCoopJoinMenu	StardewValley.Menus/LocalCoopJoinMenu.cs	ok	3950
590	StardewValley.Menus	MapPage	StardewValley.Menus/MapPage.cs	ok	10325
591	StardewValley.Menus	MasteryTrackerMenu	StardewValley.Menus/MasteryTrackerMenu.cs	ok	21666
592	StardewValley.Menus	MenuWithInventory	StardewValley.Menus/MenuWithInventory.cs	ok	10757
593	StardewValley.Menus	MineElevatorMenu	StardewValley.Menus/MineElevatorMenu.cs	ok	4798
594	StardewValley.Menus	MuseumMenu	StardewValley.Menus/MuseumMenu.cs	ok	15112
595	StardewValley.Menus	NamingMenu	StardewValley.Menus/NamingMenu.cs	ok	4792
596	StardewValley.Menus	NumberSelectionMenu	StardewValley.Menus/NumberSelectionMenu.cs	ok	9009
597	StardewValley.Menus	OptionsButton	StardewValley.Menus/OptionsButton.cs	ok	1322
598	StardewValley.Menus	OptionsCheckbox	StardewValley.Menus/OptionsCheckbox.cs	ok	1229
599	StardewValley.Menus	OptionsDropDown	StardewValley.Menus/OptionsDropDown.cs	ok	5798
600	StardewValley.Menus	OptionsElement	StardewValley.Menus/OptionsElement.cs	ok	2879
601	StardewValley.Menus	OptionsInputListener	StardewValley.Menus/OptionsInputListener.cs	ok	3595
602	StardewValley.Menus	OptionsPage	StardewValley.Menus/OptionsPage.cs	ok	25118
603	StardewValley.Menus	OptionsPlusMinus	StardewValley.Menus/OptionsPlusMinus.cs	ok	3884
604	StardewValley.Menus	OptionsPlusMinusButton	StardewValley.Menus/OptionsPlusMinusButton.cs	ok	1856
605	StardewValley.Menus	OptionsSlider	StardewValley.Menus/OptionsSlider.cs	ok	2297
606	StardewValley.Menus	OptionsTextEntry	StardewValley.Menus/OptionsTextEntry.cs	ok	900
607	StardewValley.Menus	PI_ItemList	StardewValley.Menus/PI_ItemList.cs	ok	4393
608	StardewValley.Menus	PendingProposalDialog	StardewValley.Menus/PendingProposalDialog.cs	ok	2414
609	StardewValley.Menus	PondQueryMenu	StardewValley.Menus/PondQueryMenu.cs	ok	17564
610	StardewValley.Menus	PowersTab	StardewValley.Menus/PowersTab.cs	ok	5394
611	StardewValley.Menus	PrizeTicketMenu	StardewValley.Menus/PrizeTicketMenu.cs	ok	8777
612	StardewValley.Menus	ProfileItem	StardewValley.Menus/ProfileItem.cs	ok	1133
613	StardewValley.Menus	ProfileMenu	StardewValley.Menus/ProfileMenu.cs	ok	35142
614	StardewValley.Menus	PurchaseAnimalsMenu	StardewValley.Menus/PurchaseAnimalsMenu.cs	ok	24621
615	StardewValley.Menus	QuestContainerMenu	StardewValley.Menus/QuestContainerMenu.cs	ok	6676
616	StardewValley.Menus	QuestLog	StardewValley.Menus/QuestLog.cs	ok	26449
617	StardewValley.Menus	ReadyCheckDialog	StardewValley.Menus/ReadyCheckDialog.cs	ok	1725
618	StardewValley.Menus	RenovateMenu	StardewValley.Menus/RenovateMenu.cs	ok	12231
619	StardewValley.Menus	SaveGameMenu	StardewValley.Menus/SaveGameMenu.cs	ok	5564
620	StardewValley.Menus	ServerConnectionDialog	StardewValley.Menus/ServerConnectionDialog.cs	ok	600
621	StardewValley.Menus	ShippingMenu	StardewValley.Menus/ShippingMenu.cs	ok	31515
622	StardewValley.Menus	ShopMenu	StardewValley.Menus/ShopMenu.cs	ok	64118
623	StardewValley.Menus	SkillsPage	StardewValley.Menus/SkillsPage.cs	ok	32130
624	StardewValley.Menus	SkipForClickableAggregation	StardewValley.Menus/SkipForClickableAggregation.cs	ok	145
625	StardewValley.Menus	SliderBar	StardewValley.Menus/SliderBar.cs	ok	1095
626	StardewValley.Menus	SocialPage	StardewValley.Menus/SocialPage.cs	ok	30148
627	StardewValley.Menus	SpecialCurrencyDisplay	StardewValley.Menus/SpecialCurrencyDisplay.cs	ok	8865
628	StardewValley.Menus	SpecialOrdersBoard	StardewValley.Menus/SpecialOrdersBoard.cs	ok	15193
629	StardewValley.Menus	StorageContainer	StardewValley.Menus/StorageContainer.cs	ok	8662
630	StardewValley.Menus	StrengthGame	StardewValley.Menus/StrengthGame.cs	ok	9899
631	StardewValley.Menus	TailorRecipeListTool	StardewValley.Menus/TailorRecipeListTool.cs	ok	8869
632	StardewValley.Menus	TailoringMenu	StardewValley.Menus/TailoringMenu.cs	ok	38970
633	StardewValley.Menus	TextBox	StardewValley.Menus/TextBox.cs	ok	5637
634	StardewValley.Menus	TextBoxEvent	StardewValley.Menus/TextBoxEvent.cs	ok	83
635	StardewValley.Menus	TextCreditsBlock	StardewValley.Menus/TextCreditsBlock.cs	ok	1895
636	StardewValley.Menus	TextEntryMenu	StardewValley.Menus/TextEntryMenu.cs	ok	9679
637	StardewValley.Menus	TitleMenu	StardewValley.Menus/TitleMenu.cs	ok	76203
638	StardewValley.Menus	TitleTextInputMenu	StardewValley.Menus/TitleTextInputMenu.cs	ok	2180
639	StardewValley.Menus	TooManyFarmsMenu	StardewValley.Menus/TooManyFarmsMenu.cs	ok	2817
640	StardewValley.Menus	Toolbar	StardewValley.Menus/Toolbar.cs	ok	6241
641	StardewValley.Menus	TutorialMenu	StardewValley.Menus/TutorialMenu.cs	ok	7760
642	StardewValley.Menus	WheelSpinGame	StardewValley.Menus/WheelSpinGame.cs	ok	4443
643	StardewValley.Minigames	AbigailGame	StardewValley.Minigames/AbigailGame.cs	ok	153257
644	StardewValley.Minigames	BoatJourney	StardewValley.Minigames/BoatJourney.cs	ok	20391
645	StardewValley.Minigames	CalicoJack	StardewValley.Minigames/CalicoJack.cs	ok	22539
646	StardewValley.Minigames	CraneGame	StardewValley.Minigames/CraneGame.cs	ok	50158
647	StardewValley.Minigames	Darts	StardewValley.Minigames/Darts.cs	ok	18629
648	StardewValley.Minigames	FantasyBoardGame	StardewValley.Minigames/FantasyBoardGame.cs	ok	5639
649	StardewValley.Minigames	FishingGame	StardewValley.Minigames/FishingGame.cs	ok	14963
650	StardewValley.Minigames	GrandpaStory	StardewValley.Minigames/GrandpaStory.cs	ok	20526
651	StardewValley.Minigames	HaleyCowPictures	StardewValley.Minigames/HaleyCowPictures.cs	ok	5750
652	StardewValley.Minigames	IMinigame	StardewValley.Minigames/IMinigame.cs	ok	723
653	StardewValley.Minigames	Intro	StardewValley.Minigames/Intro.cs	ok	21029
654	StardewValley.Minigames	MaruComet	StardewValley.Minigames/MaruComet.cs	ok	9253
655	StardewValley.Minigames	MineCart	StardewValley.Minigames/MineCart.cs	ok	190882
656	StardewValley.Minigames	NetLeaderboards	StardewValley.Minigames/NetLeaderboards.cs	ok	1549
657	StardewValley.Minigames	NetLeaderboardsEntry	StardewValley.Minigames/NetLeaderboardsEntry.cs	ok	602
658	StardewValley.Minigames	PlaneFlyBy	StardewValley.Minigames/PlaneFlyBy.cs	ok	4232
659	StardewValley.Minigames	RobotBlastoff	StardewValley.Minigames/RobotBlastoff.cs	ok	5017
660	StardewValley.Minigames	Slots	StardewValley.Minigames/Slots.cs	ok	16888
661	StardewValley.Minigames	TargetGame	StardewValley.Minigames/TargetGame.cs	ok	20898
662	StardewValley.Minigames	TelescopeScene	StardewValley.Minigames/TelescopeScene.cs	ok	2433
663	StardewValley.Minigames	Test	StardewValley.Minigames/Test.cs	ok	1787
664	StardewValley.Mods	ModDataDictionary	StardewValley.Mods/ModDataDictionary.cs	ok	658
665	StardewValley.Mods	ModHooks	StardewValley.Mods/ModHooks.cs	ok	1858
666	StardewValley.Mods	RenderSteps	StardewValley.Mods/RenderSteps.cs	ok	391
667	StardewValley.Monsters	AngryRoger	StardewValley.Monsters/AngryRoger.cs	ok	6429
668	StardewValley.Monsters	Bat	StardewValley.Monsters/Bat.cs	ok	26312
669	StardewValley.Monsters	BigSlime	StardewValley.Monsters/BigSlime.cs	ok	7230
670	StardewValley.Monsters	BlueSquid	StardewValley.Monsters/BlueSquid.cs	ok	9945
671	StardewValley.Monsters	Bug	StardewValley.Monsters/Bug.cs	ok	5517
672	StardewValley.Monsters	DinoMonster	StardewValley.Monsters/DinoMonster.cs	ok	13099
673	StardewValley.Monsters	Duggy	StardewValley.Monsters/Duggy.cs	ok	5049
674	StardewValley.Monsters	DustSpirit	StardewValley.Monsters/DustSpirit.cs	ok	7187
675	StardewValley.Monsters	DwarvishSentry	StardewValley.Monsters/DwarvishSentry.cs	ok	4489
676	StardewValley.Monsters	Fly	StardewValley.Monsters/Fly.cs	ok	7168
677	StardewValley.Monsters	Ghost	StardewValley.Monsters/Ghost.cs	ok	12803
678	StardewValley.Monsters	GreenSlime	StardewValley.Monsters/GreenSlime.cs	ok	33236
679	StardewValley.Monsters	Grub	StardewValley.Monsters/Grub.cs	ok	7727
680	StardewValley.Monsters	HotHead	StardewValley.Monsters/HotHead.cs	ok	4767
681	StardewValley.Monsters	LavaLurk	StardewValley.Monsters/LavaLurk.cs	ok	11208
682	StardewValley.Monsters	Leaper	StardewValley.Monsters/Leaper.cs	ok	6478
683	StardewValley.Monsters	MetalHead	StardewValley.Monsters/MetalHead.cs	ok	4097
684	StardewValley.Monsters	Monster	StardewValley.Monsters/Monster.cs	ok	35201
685	StardewValley.Monsters	Mummy	StardewValley.Monsters/Mummy.cs	ok	6494
686	StardewValley.Monsters	ParryEventArgs	StardewValley.Monsters/ParryEventArgs.cs	ok	650
687	StardewValley.Monsters	RockCrab	StardewValley.Monsters/RockCrab.cs	ok	6515
688	StardewValley.Monsters	RockGolem	StardewValley.Monsters/RockGolem.cs	ok	7376
689	StardewValley.Monsters	Serpent	StardewValley.Monsters/Serpent.cs	ok	17781
690	StardewValley.Monsters	ShadowBrute	StardewValley.Monsters/ShadowBrute.cs	ok	2703
691	StardewValley.Monsters	ShadowGirl	StardewValley.Monsters/ShadowGirl.cs	ok	3426
692	StardewValley.Monsters	ShadowGuy	StardewValley.Monsters/ShadowGuy.cs	ok	8502
693	StardewValley.Monsters	ShadowShaman	StardewValley.Monsters/ShadowShaman.cs	ok	8561
694	StardewValley.Monsters	Shooter	StardewValley.Monsters/Shooter.cs	ok	7781
695	StardewValley.Monsters	Skeleton	StardewValley.Monsters/Skeleton.cs	ok	7217
696	StardewValley.Monsters	Spiker	StardewValley.Monsters/Spiker.cs	ok	3465
697	StardewValley.Monsters	SquidKid	StardewValley.Monsters/SquidKid.cs	ok	8060
698	StardewValley.NativeClipboard	ClipboardPlatformType	StardewValley.NativeClipboard/ClipboardPlatformType.cs	ok	115
699	StardewValley.NativeClipboard	LinuxSdlClipboard	StardewValley.NativeClipboard/LinuxSdlClipboard.cs	ok	662
700	StardewValley.NativeClipboard	OsxSdlClipboard	StardewValley.NativeClipboard/OsxSdlClipboard.cs	ok	155
701	StardewValley.NativeClipboard	SdlClipboard	StardewValley.NativeClipboard/SdlClipboard.cs	ok	2596
702	StardewValley.NativeClipboard	WindowsSdlClipboard	StardewValley.NativeClipboard/WindowsSdlClipboard.cs	ok	167
703	StardewValley.Network	BandwidthLogger	StardewValley.Network/BandwidthLogger.cs	ok	2371
704	StardewValley.Network	BarGraph	StardewValley.Network/BarGraph.cs	ok	1731
705	StardewValley.Network	Bimap`2	StardewValley.Network/Bimap.cs	ok	2116
706	StardewValley.Network	BuilderData	StardewValley.Network/BuilderData.cs	ok	1033
707	StardewValley.Network	Client	StardewValley.Network/Client.cs	ok	8101
708	StardewValley.Network	FarmerCollection	StardewValley.Network/FarmerCollection.cs	ok	2579
709	StardewValley.Network	GameServer	StardewValley.Network/GameServer.cs	ok	20486
710	StardewValley.Network	HookableClient	StardewValley.Network/HookableClient.cs	ok	709
711	StardewValley.Network	HookableServer	StardewValley.Network/HookableServer.cs	ok	477
712	StardewValley.Network	IBandwidthMonitor	StardewValley.Network/IBandwidthMonitor.cs	ok	149
713	StardewValley.Network	IGameServer	StardewValley.Network/IGameServer.cs	ok	1389
714	StardewValley.Network	IHookableClient	StardewValley.Network/IHookableClient.cs	ok	268
715	StardewValley.Network	IHookableServer	StardewValley.Network/IHookableServer.cs	ok	178
716	StardewValley.Network	IncomingMessage	StardewValley.Network/IncomingMessage.cs	ok	842
717	StardewValley.Network	LidgrenClient	StardewValley.Network/LidgrenClient.cs	ok	6096
718	StardewValley.Network	LidgrenMessageUtils	StardewValley.Network/LidgrenMessageUtils.cs	ok	963
719	StardewValley.Network	LidgrenServer	StardewValley.Network/LidgrenServer.cs	ok	8652
720	StardewValley.Network	LocationWeather	StardewValley.Network/LocationWeather.cs	ok	3978
721	StardewValley.Network	NetAudio	StardewValley.Network/NetAudio.cs	ok	2063
722	StardewValley.Network	NetBufferReadStream	StardewValley.Network/NetBufferReadStream.cs	ok	1279
723	StardewValley.Network	NetBufferWriteStream	StardewValley.Network/NetBufferWriteStream.cs	ok	1291
724	StardewValley.Network	NetBundles	StardewValley.Network/NetBundles.cs	ok	898
725	StardewValley.Network	NetCharacterRef	StardewValley.Network/NetCharacterRef.cs	ok	966
726	StardewValley.Network	NetDancePartner	StardewValley.Network/NetDancePartner.cs	ok	2070
727	StardewValley.Network	NetDirection	StardewValley.Network/NetDirection.cs	ok	1988
728	StardewValley.Network	NetFarmerCollection	StardewValley.Network/NetFarmerCollection.cs	ok	3052
729	StardewValley.Network	NetFarmerRef	StardewValley.Network/NetFarmerRef.cs	ok	1743
730	StardewValley.Network	NetFarmerRoot	StardewValley.Network/NetFarmerRoot.cs	ok	583
731	StardewValley.Network	NetIntDictionary`2	StardewValley.Network/NetIntDictionary.cs	ok	587
732	StardewValley.Network	NetLocationRef	StardewValley.Network/NetLocationRef.cs	ok	2615
733	StardewValley.Network	NetLongDictionary`2	StardewValley.Network/NetLongDictionary.cs	ok	596
734	StardewValley.Network	NetMutex	StardewValley.Network/NetMutex.cs	ok	2206
735	StardewValley.Network	NetMutexQueue`1	StardewValley.Network/NetMutexQueue.cs	ok	1880
736	StardewValley.Network	NetNPCRef	StardewValley.Network/NetNPCRef.cs	ok	836
737	StardewValley.Network	NetPausableField`3	StardewValley.Network/NetPausableField.cs	ok	1414
738	StardewValley.Network	NetPointDictionary`2	StardewValley.Network/NetPointDictionary.cs	ok	718
739	StardewValley.Network	NetPosition	StardewValley.Network/NetPosition.cs	ok	2588
740	StardewValley.Network	NetStringDictionary`2	StardewValley.Network/NetStringDictionary.cs	ok	615
741	StardewValley.Network	NetVector2Dictionary`2	StardewValley.Network/NetVector2Dictionary.cs	ok	751
742	StardewValley.Network	NetWitnessedLock	StardewValley.Network/NetWitnessedLock.cs	ok	1401
743	StardewValley.Network	NetWorldState	StardewValley.Network/NetWorldState.cs	ok	23293
744	StardewValley.Network	OutgoingMessage	StardewValley.Network/OutgoingMessage.cs	ok	3067
745	StardewValley.Network	OverlaidDictionary	StardewValley.Network/OverlaidDictionary.cs	ok	5674
746	StardewValley.Network	OverlayDictionary`2	StardewValley.Network/OverlayDictionary.cs	ok	2977
747	StardewValley.Network	Server	StardewValley.Network/Server.cs	ok	1976
748	StardewValley.Network.ChestHit	ChestHitArgs	StardewValley.Network.ChestHit/ChestHitArgs.cs	ok	336
749	StardewValley.Network.ChestHit	ChestHitSynchronizer	StardewValley.Network.ChestHit/ChestHitSynchronizer.cs	ok	5760
750	StardewValley.Network.ChestHit	ChestHitTimer	StardewValley.Network.ChestHit/ChestHitTimer.cs	ok	306
751	StardewValley.Network.ChestHit.Internal	ChestHitMessageType	StardewValley.Network.ChestHit.Internal/ChestHitMessageType.cs	ok	119
752	StardewValley.Network.Compress	INetCompression	StardewValley.Network.Compress/INetCompression.cs	ok	274
753	StardewValley.Network.Compress	LZ4NetCompression	StardewValley.Network.Compress/LZ4NetCompression.cs	ok	1840
754	StardewValley.Network.Compress	NullNetCompression	StardewValley.Network.Compress/NullNetCompression.cs	ok	398
755	StardewValley.Network.Dedicated	DedicatedServer	StardewValley.Network.Dedicated/DedicatedServer.cs	ok	13147
756	StardewValley.Network.Dedicated	DedicatedServerMessageType	StardewValley.Network.Dedicated/DedicatedServerMessageType.cs	ok	118
757	StardewValley.Network.NetEvents	BasePlayerActionRequest	StardewValley.Network.NetEvents/BasePlayerActionRequest.cs	ok	1938
758	StardewValley.Network.NetEvents	BaseSetFlagRequest	StardewValley.Network.NetEvents/BaseSetFlagRequest.cs	ok	725
759	StardewValley.Network.NetEvents	MailType	StardewValley.Network.NetEvents/MailType.cs	ok	109
760	StardewValley.Network.NetEvents	NutDropRequest	StardewValley.Network.NetEvents/NutDropRequest.cs	ok	1079
761	StardewValley.Network.NetEvents	PlayerActionTarget	StardewValley.Network.NetEvents/PlayerActionTarget.cs	ok	108
762	StardewValley.Network.NetEvents	SetMailRequest	StardewValley.Network.NetEvents/SetMailRequest.cs	ok	1626
763	StardewValley.Network.NetEvents	SetSimpleFlagRequest	StardewValley.Network.NetEvents/SetSimpleFlagRequest.cs	ok	1794
764	StardewValley.Network.NetEvents	SimpleFlagType	StardewValley.Network.NetEvents/SimpleFlagType.cs	ok	200
765	StardewValley.Network.NetReady	ReadySynchronizer	StardewValley.Network.NetReady/ReadySynchronizer.cs	ok	1878
766	StardewValley.Network.NetReady.Internal	BaseReadyCheck	StardewValley.Network.NetReady.Internal/BaseReadyCheck.cs	ok	1464
767	StardewValley.Network.NetReady.Internal	ClientReadyCheck	StardewValley.Network.NetReady.Internal/ClientReadyCheck.cs	ok	2685
768	StardewValley.Network.NetReady.Internal	ReadyCheckMessageType	StardewValley.Network.NetReady.Internal/ReadyCheckMessageType.cs	ok	200
769	StardewValley.Network.NetReady.Internal	ReadyState	StardewValley.Network.NetReady.Internal/ReadyState.cs	ok	115
770	StardewValley.Network.NetReady.Internal	ServerReadyCheck	StardewValley.Network.NetReady.Internal/ServerReadyCheck.cs	ok	5169
771	StardewValley.Objects	BedFurniture	StardewValley.Objects/BedFurniture.cs	ok	12773
772	StardewValley.Objects	Boots	StardewValley.Objects/Boots.cs	ok	8346
773	StardewValley.Objects	BreakableContainer	StardewValley.Objects/BreakableContainer.cs	ok	21608
774	StardewValley.Objects	Cask	StardewValley.Objects/Cask.cs	ok	5066
775	StardewValley.Objects	Chest	StardewValley.Objects/Chest.cs	ok	44013
776	StardewValley.Objects	Clothing	StardewValley.Objects/Clothing.cs	ok	7186
777	StardewValley.Objects	ColoredObject	StardewValley.Objects/ColoredObject.cs	ok	11726
778	StardewValley.Objects	CombinedRing	StardewValley.Objects/CombinedRing.cs	ok	7043
779	StardewValley.Objects	CrabPot	StardewValley.Objects/CrabPot.cs	ok	15402
780	StardewValley.Objects	DefaultPhoneHandler	StardewValley.Objects/DefaultPhoneHandler.cs	ok	15386
781	StardewValley.Objects	FishTankFurniture	StardewValley.Objects/FishTankFurniture.cs	ok	17363
782	StardewValley.Objects	Furniture	StardewValley.Objects/Furniture.cs	ok	52644
783	StardewValley.Objects	Hat	StardewValley.Objects/Hat.cs	ok	6686
784	StardewValley.Objects	IPhoneHandler	StardewValley.Objects/IPhoneHandler.cs	ok	344
785	StardewValley.Objects	IndoorPot	StardewValley.Objects/IndoorPot.cs	ok	7902
786	StardewValley.Objects	ItemPedestal	StardewValley.Objects/ItemPedestal.cs	ok	5720
787	StardewValley.Objects	Mannequin	StardewValley.Objects/Mannequin.cs	ok	16987
788	StardewValley.Objects	MiniJukebox	StardewValley.Objects/MiniJukebox.cs	ok	2935
789	StardewValley.Objects	PetLicense	StardewValley.Objects/PetLicense.cs	ok	3284
790	StardewValley.Objects	Phone	StardewValley.Objects/Phone.cs	ok	5269
791	StardewValley.Objects	RandomizedPlantFurniture	StardewValley.Objects/RandomizedPlantFurniture.cs	ok	4441
792	StardewValley.Objects	Ring	StardewValley.Objects/Ring.cs	ok	13366
793	StardewValley.Objects	Sign	StardewValley.Objects/Sign.cs	ok	4880
794	StardewValley.Objects	SpecialItem	StardewValley.Objects/SpecialItem.cs	ok	7516
795	StardewValley.Objects	StorageFurniture	StardewValley.Objects/StorageFurniture.cs	ok	6139
796	StardewValley.Objects	TV	StardewValley.Objects/TV.cs	ok	27903
797	StardewValley.Objects	TankFish	StardewValley.Objects/TankFish.cs	ok	18087
798	StardewValley.Objects	Wallpaper	StardewValley.Objects/Wallpaper.cs	ok	7052
799	StardewValley.Objects	WoodChipper	StardewValley.Objects/WoodChipper.cs	ok	8572
800	StardewValley.Objects	Workbench	StardewValley.Objects/Workbench.cs	ok	3161
801	StardewValley.Objects.Trinkets	CompanionTrinketEffect	StardewValley.Objects.Trinkets/CompanionTrinketEffect.cs	ok	1092
802	StardewValley.Objects.Trinkets	FairyBoxTrinketEffect	StardewValley.Objects.Trinkets/FairyBoxTrinketEffect.cs	ok	2501
803	StardewValley.Objects.Trinkets	IceOrbTrinketEffect	StardewValley.Objects.Trinkets/IceOrbTrinketEffect.cs	ok	2853
804	StardewValley.Objects.Trinkets	MagicQuiverTrinketEffect	StardewValley.Objects.Trinkets/MagicQuiverTrinketEffect.cs	ok	4770
805	StardewValley.Objects.Trinkets	RainbowHairTrinketEffect	StardewValley.Objects.Trinkets/RainbowHairTrinketEffect.cs	ok	352
806	StardewValley.Objects.Trinkets	Trinket	StardewValley.Objects.Trinkets/Trinket.cs	ok	7801
807	StardewValley.Objects.Trinkets	TrinketEffect	StardewValley.Objects.Trinkets/TrinketEffect.cs	ok	2249
808	StardewValley.Pathfinding	LocationWarpRoute	StardewValley.Pathfinding/LocationWarpRoute.cs	ok	289
809	StardewValley.Pathfinding	PathFindController	StardewValley.Pathfinding/PathFindController.cs	ok	16325
810	StardewValley.Pathfinding	PathNode	StardewValley.Pathfinding/PathNode.cs	ok	939
811	StardewValley.Pathfinding	PriorityQueue	StardewValley.Pathfinding/PriorityQueue.cs	ok	1401
812	StardewValley.Pathfinding	SchedulePathDescription	StardewValley.Pathfinding/SchedulePathDescription.cs	ok	734
813	StardewValley.Pathfinding	WarpPathfindingCache	StardewValley.Pathfinding/WarpPathfindingCache.cs	ok	3579
814	StardewValley.Projectiles	BasicProjectile	StardewValley.Projectiles/BasicProjectile.cs	ok	7425
815	StardewValley.Projectiles	DebuffingProjectile	StardewValley.Projectiles/DebuffingProjectile.cs	ok	4686
816	StardewValley.Projectiles	Projectile	StardewValley.Projectiles/Projectile.cs	ok	14057
817	StardewValley.Quests	CraftingQuest	StardewValley.Quests/CraftingQuest.cs	ok	819
818	StardewValley.Quests	DescriptionElement	StardewValley.Quests/DescriptionElement.cs	ok	2926
819	StardewValley.Quests	FishingQuest	StardewValley.Quests/FishingQuest.cs	ok	9126
820	StardewValley.Quests	GoSomewhereQuest	StardewValley.Quests/GoSomewhereQuest.cs	ok	705
821	StardewValley.Quests	HaveBuildingQuest	StardewValley.Quests/HaveBuildingQuest.cs	ok	788
822	StardewValley.Quests	IQuest	StardewValley.Quests/IQuest.cs	ok	486
823	StardewValley.Quests	ItemDeliveryQuest	StardewValley.Quests/ItemDeliveryQuest.cs	ok	23894
824	StardewValley.Quests	ItemHarvestQuest	StardewValley.Quests/ItemHarvestQuest.cs	ok	1130
825	StardewValley.Quests	LostItemQuest	StardewValley.Quests/LostItemQuest.cs	ok	4011
826	StardewValley.Quests	NetDescriptionElementList	StardewValley.Quests/NetDescriptionElementList.cs	ok	468
827	StardewValley.Quests	NetDescriptionElementRef	StardewValley.Quests/NetDescriptionElementRef.cs	ok	371
828	StardewValley.Quests	Quest	StardewValley.Quests/Quest.cs	ok	20697
829	StardewValley.Quests	ResourceCollectionQuest	StardewValley.Quests/ResourceCollectionQuest.cs	ok	8196
830	StardewValley.Quests	SecretLostItemQuest	StardewValley.Quests/SecretLostItemQuest.cs	ok	2742
831	StardewValley.Quests	SlayMonsterQuest	StardewValley.Quests/SlayMonsterQuest.cs	ok	11096
832	StardewValley.Quests	SocializeQuest	StardewValley.Quests/SocializeQuest.cs	ok	3811
833	StardewValley.SDKs	LobbyUpdateListener	StardewValley.SDKs/LobbyUpdateListener.cs	ok	107
834	StardewValley.SDKs	NullSDKHelper	StardewValley.SDKs/NullSDKHelper.cs	ok	780
835	StardewValley.SDKs	SDKHelper	StardewValley.SDKs/SDKHelper.cs	ok	554
836	StardewValley.SDKs	SDKNetHelper	StardewValley.SDKs/SDKNetHelper.cs	ok	718
837	StardewValley.SDKs.GogGalaxy	GalaxyHelper	StardewValley.SDKs.GogGalaxy/GalaxyHelper.cs	ok	2764
838	StardewValley.SDKs.GogGalaxy	GalaxyNetClient	StardewValley.SDKs.GogGalaxy/GalaxyNetClient.cs	ok	4457
839	StardewValley.SDKs.GogGalaxy	GalaxyNetHelper	StardewValley.SDKs.GogGalaxy/GalaxyNetHelper.cs	ok	5749
840	StardewValley.SDKs.GogGalaxy	GalaxyNetServer	StardewValley.SDKs.GogGalaxy/GalaxyNetServer.cs	ok	7011
841	StardewValley.SDKs.GogGalaxy	GalaxySocket	StardewValley.SDKs.GogGalaxy/GalaxySocket.cs	ok	15024
842	StardewValley.SDKs.GogGalaxy.Internal	Base36	StardewValley.SDKs.GogGalaxy.Internal/Base36.cs	ok	810
843	StardewValley.SDKs.GogGalaxy.Listeners	GalaxyAuthListener	StardewValley.SDKs.GogGalaxy.Listeners/GalaxyAuthListener.cs	ok	907
844	StardewValley.SDKs.GogGalaxy.Listeners	GalaxyGameJoinRequestedListener	StardewValley.SDKs.GogGalaxy.Listeners/GalaxyGameJoinRequestedListener.cs	ok	733
845	StardewValley.SDKs.GogGalaxy.Listeners	GalaxyLobbyCreatedListener	StardewValley.SDKs.GogGalaxy.Listeners/GalaxyLobbyCreatedListener.cs	ok	736
846	StardewValley.SDKs.GogGalaxy.Listeners	GalaxyLobbyDataListener	StardewValley.SDKs.GogGalaxy.Listeners/GalaxyLobbyDataListener.cs	ok	702
847	StardewValley.SDKs.GogGalaxy.Listeners	GalaxyLobbyDataRetrieveListener	StardewValley.SDKs.GogGalaxy.Listeners/GalaxyLobbyDataRetrieveListener.cs	ok	691
848	StardewValley.SDKs.GogGalaxy.Listeners	GalaxyLobbyEnteredListener	StardewValley.SDKs.GogGalaxy.Listeners/GalaxyLobbyEnteredListener.cs	ok	733
849	StardewValley.SDKs.GogGalaxy.Listeners	GalaxyLobbyLeftListener	StardewValley.SDKs.GogGalaxy.Listeners/GalaxyLobbyLeftListener.cs	ok	725
850	StardewValley.SDKs.GogGalaxy.Listeners	GalaxyLobbyMemberStateListener	StardewValley.SDKs.GogGalaxy.Listeners/GalaxyLobbyMemberStateListener.cs	ok	853
851	StardewValley.SDKs.GogGalaxy.Listeners	GalaxyOperationalStateChangeListener	StardewValley.SDKs.GogGalaxy.Listeners/GalaxyOperationalStateChangeListener.cs	ok	731
852	StardewValley.SDKs.GogGalaxy.Listeners	GalaxyRichPresenceListener	StardewValley.SDKs.GogGalaxy.Listeners/GalaxyRichPresenceListener.cs	ok	669
853	StardewValley.SDKs.GogGalaxy.Listeners	GalaxySpecificUserDataListener	StardewValley.SDKs.GogGalaxy.Listeners/GalaxySpecificUserDataListener.cs	ok	693
854	StardewValley.SDKs.Steam	SteamHelper	StardewValley.SDKs.Steam/SteamHelper.cs	ok	7491
855	StardewValley.SDKs.Steam	SteamNetClient	StardewValley.SDKs.Steam/SteamNetClient.cs	ok	10428
856	StardewValley.SDKs.Steam	SteamNetHelper	StardewValley.SDKs.Steam/SteamNetHelper.cs	ok	6785
857	StardewValley.SDKs.Steam	SteamNetServer	StardewValley.SDKs.Steam/SteamNetServer.cs	ok	17092
858	StardewValley.SDKs.Steam.Internal	ConnectionData	StardewValley.SDKs.Steam.Internal/ConnectionData.cs	ok	441
859	StardewValley.SDKs.Steam.Internal	HybridLobby	StardewValley.SDKs.Steam.Internal/HybridLobby.cs	ok	968
860	StardewValley.SDKs.Steam.Internal	LobbyConnectionType	StardewValley.SDKs.Steam.Internal/LobbyConnectionType.cs	ok	119
861	StardewValley.SDKs.Steam.Internal	SteamSocketUtils	StardewValley.SDKs.Steam.Internal/SteamSocketUtils.cs	ok	2809
862	StardewValley.SDKs.WeGameRail	RailHelper	StardewValley.SDKs.WeGameRail/RailHelper.cs	ok	136
863	StardewValley.SaveMigrations	ISaveMigrator	StardewValley.SaveMigrations/ISaveMigrator.cs	ok	161
864	StardewValley.SaveMigrations	SaveFixes	StardewValley.SaveMigrations/SaveFixes.cs	ok	2252
865	StardewValley.SaveMigrations	SaveMigrator	StardewValley.SaveMigrations/SaveMigrator.cs	ok	2050
866	StardewValley.SaveMigrations	SaveMigrator_1_3	StardewValley.SaveMigrations/SaveMigrator_1_3.cs	ok	4873
867	StardewValley.SaveMigrations	SaveMigrator_1_4	StardewValley.SaveMigrations/SaveMigrator_1_4.cs	ok	8248
868	StardewValley.SaveMigrations	SaveMigrator_1_5	StardewValley.SaveMigrations/SaveMigrator_1_5.cs	ok	5668
869	StardewValley.SaveMigrations	SaveMigrator_1_6	StardewValley.SaveMigrations/SaveMigrator_1_6.cs	ok	69895
870	StardewValley.SaveSerialization	SaveSerializer	StardewValley.SaveSerialization/SaveSerializer.cs	ok	1983
871	StardewValley.SaveSerialization	Vector2Reader	StardewValley.SaveSerialization/Vector2Reader.cs	ok	635
872	StardewValley.SaveSerialization	Vector2Serializer	StardewValley.SaveSerialization/Vector2Serializer.cs	ok	852
873	StardewValley.SaveSerialization	Vector2Writer	StardewValley.SaveSerialization/Vector2Writer.cs	ok	554
874	StardewValley.SpecialOrders	SpecialOrder	StardewValley.SpecialOrders/SpecialOrder.cs	ok	30350
875	StardewValley.SpecialOrders	SpecialOrderStatus	StardewValley.SpecialOrders/SpecialOrderStatus.cs	ok	107
876	StardewValley.SpecialOrders.Objectives	CollectObjective	StardewValley.SpecialOrders.Objectives/CollectObjective.cs	ok	1612
877	StardewValley.SpecialOrders.Objectives	DeliverObjective	StardewValley.SpecialOrders.Objectives/DeliverObjective.cs	ok	2861
878	StardewValley.SpecialOrders.Objectives	DonateObjective	StardewValley.SpecialOrders.Objectives/DonateObjective.cs	ok	4042
879	StardewValley.SpecialOrders.Objectives	FishObjective	StardewValley.SpecialOrders.Objectives/FishObjective.cs	ok	1609
880	StardewValley.SpecialOrders.Objectives	GiftObjective	StardewValley.SpecialOrders.Objectives/GiftObjective.cs	ok	2659
881	StardewValley.SpecialOrders.Objectives	JKScoreObjective	StardewValley.SpecialOrders.Objectives/JKScoreObjective.cs	ok	711
882	StardewValley.SpecialOrders.Objectives	OrderObjective	StardewValley.SpecialOrders.Objectives/OrderObjective.cs	ok	3476
883	StardewValley.SpecialOrders.Objectives	ReachMineFloorObjective	StardewValley.SpecialOrders.Objectives/ReachMineFloorObjective.cs	ok	1354
884	StardewValley.SpecialOrders.Objectives	ShipObjective	StardewValley.SpecialOrders.Objectives/ShipObjective.cs	ok	2032
885	StardewValley.SpecialOrders.Objectives	SlayObjective	StardewValley.SpecialOrders.Objectives/SlayObjective.cs	ok	1975
886	StardewValley.SpecialOrders.Rewards	FriendshipReward	StardewValley.SpecialOrders.Rewards/FriendshipReward.cs	ok	1095
887	StardewValley.SpecialOrders.Rewards	GemsReward	StardewValley.SpecialOrders.Rewards/GemsReward.cs	ok	525
888	StardewValley.SpecialOrders.Rewards	MailReward	StardewValley.SpecialOrders.Rewards/MailReward.cs	ok	1962
889	StardewValley.SpecialOrders.Rewards	MoneyReward	StardewValley.SpecialOrders.Rewards/MoneyReward.cs	ok	756
890	StardewValley.SpecialOrders.Rewards	ObjectReward	StardewValley.SpecialOrders.Rewards/ObjectReward.cs	ok	1111
891	StardewValley.SpecialOrders.Rewards	OrderReward	StardewValley.SpecialOrders.Rewards/OrderReward.cs	ok	732
892	StardewValley.SpecialOrders.Rewards	ResetEventReward	StardewValley.SpecialOrders.Rewards/ResetEventReward.cs	ok	725
893	StardewValley.TerrainFeatures	Bush	StardewValley.TerrainFeatures/Bush.cs	ok	19573
894	StardewValley.TerrainFeatures	CosmeticPlant	StardewValley.TerrainFeatures/CosmeticPlant.cs	ok	3069
895	StardewValley.TerrainFeatures	Flooring	StardewValley.TerrainFeatures/Flooring.cs	ok	14471
896	StardewValley.TerrainFeatures	FruitTree	StardewValley.TerrainFeatures/FruitTree.cs	ok	31693
897	StardewValley.TerrainFeatures	GiantCrop	StardewValley.TerrainFeatures/GiantCrop.cs	ok	9613
898	StardewValley.TerrainFeatures	Grass	StardewValley.TerrainFeatures/Grass.cs	ok	15596
899	StardewValley.TerrainFeatures	HoeDirt	StardewValley.TerrainFeatures/HoeDirt.cs	ok	32619
900	StardewValley.TerrainFeatures	HoeDirtFertilizerApplyStatus	StardewValley.TerrainFeatures/HoeDirtFertilizerApplyStatus.cs	ok	158
901	StardewValley.TerrainFeatures	LargeTerrainFeature	StardewValley.TerrainFeatures/LargeTerrainFeature.cs	ok	735
902	StardewValley.TerrainFeatures	Leaf	StardewValley.TerrainFeatures/Leaf.cs	ok	420
903	StardewValley.TerrainFeatures	ResourceClump	StardewValley.TerrainFeatures/ResourceClump.cs	ok	17264
904	StardewValley.TerrainFeatures	Tent	StardewValley.TerrainFeatures/Tent.cs	ok	3460
905	StardewValley.TerrainFeatures	TerrainFeature	StardewValley.TerrainFeatures/TerrainFeature.cs	ok	2938
906	StardewValley.TerrainFeatures	Tree	StardewValley.TerrainFeatures/Tree.cs	ok	53267
907	StardewValley.Tests	ExtractSyntaxDelegate	StardewValley.Tests/ExtractSyntaxDelegate.cs	ok	160
908	StardewValley.Tests	SyntaxAbstractor	StardewValley.Tests/SyntaxAbstractor.cs	ok	24773
909	StardewValley.Tests	TranslationValidator	StardewValley.Tests/TranslationValidator.cs	ok	4937
910	StardewValley.Tests	TranslationValidatorIssue	StardewValley.Tests/TranslationValidatorIssue.cs	ok	134
911	StardewValley.Tests	TranslationValidatorResult	StardewValley.Tests/TranslationValidatorResult.cs	ok	737
912	StardewValley.TokenizableStrings	TokenParser	StardewValley.TokenizableStrings/TokenParser.cs	ok	15782
913	StardewValley.TokenizableStrings	TokenParserDelegate	StardewValley.TokenizableStrings/TokenParserDelegate.cs	ok	172
914	StardewValley.TokenizableStrings	TokenStringBuilder	StardewValley.TokenizableStrings/TokenStringBuilder.cs	ok	3380
915	StardewValley.Tools	Axe	StardewValley.Tools/Axe.cs	ok	2642
916	StardewValley.Tools	ErrorTool	StardewValley.Tools/ErrorTool.cs	ok	770
917	StardewValley.Tools	FishingRod	StardewValley.Tools/FishingRod.cs	ok	90464
918	StardewValley.Tools	GenericTool	StardewValley.Tools/GenericTool.cs	ok	139
919	StardewValley.Tools	Hoe	StardewValley.Tools/Hoe.cs	ok	3529
920	StardewValley.Tools	Lantern	StardewValley.Tools/Lantern.cs	ok	1900
921	StardewValley.Tools	MeleeWeapon	StardewValley.Tools/MeleeWeapon.cs	ok	64828
922	StardewValley.Tools	MilkPail	StardewValley.Tools/MilkPail.cs	ok	4063
923	StardewValley.Tools	Pan	StardewValley.Tools/Pan.cs	ok	7342
924	StardewValley.Tools	Pickaxe	StardewValley.Tools/Pickaxe.cs	ok	8071
925	StardewValley.Tools	Raft	StardewValley.Tools/Raft.cs	ok	1359
926	StardewValley.Tools	Shears	StardewValley.Tools/Shears.cs	ok	3085
927	StardewValley.Tools	Slingshot	StardewValley.Tools/Slingshot.cs	ok	14790
928	StardewValley.Tools	Wand	StardewValley.Tools/Wand.cs	ok	2638
929	StardewValley.Tools	WateringCan	StardewValley.Tools/WateringCan.cs	ok	6597
930	StardewValley.Triggers	CachedAction	StardewValley.Triggers/CachedAction.cs	ok	438
931	StardewValley.Triggers	CachedTriggerAction	StardewValley.Triggers/CachedTriggerAction.cs	ok	597
932	StardewValley.Triggers	TriggerActionManager	StardewValley.Triggers/TriggerActionManager.cs	ok	23174
933	StardewValley.Util	BoundingBoxGroup	StardewValley.Util/BoundingBoxGroup.cs	ok	1140
934	StardewValley.Util	DictionarySaver`2	StardewValley.Util/DictionarySaver.cs	ok	1482
935	StardewValley.Util	EventTest	StardewValley.Util/EventTest.cs	ok	3878
936	StardewValley.Util	GuidHelper	StardewValley.Util/GuidHelper.cs	ok	144
937	StardewValley.Util	IInputSimulator	StardewValley.Util/IInputSimulator.cs	ok	589
938	StardewValley.Util	LeftRightClickSpamInputSimulator	StardewValley.Util/LeftRightClickSpamInputSimulator.cs	ok	848
939	StardewValley.Util	ProfanityFilter	StardewValley.Util/ProfanityFilter.cs	ok	1320
940	StardewValley.Util	SaveablePairExtensions	StardewValley.Util/SaveablePairExtensions.cs	ok	686
941	StardewValley.Util	SaveablePair`2	StardewValley.Util/SaveablePair.cs	ok	370
942	StardewValley.Util	StackTraceHelper	StardewValley.Util/StackTraceHelper.cs	ok	750
943	StardewValley.Util	SynchronizedShopStock	StardewValley.Util/SynchronizedShopStock.cs	ok	2809
944	StardewValley.Util	ToolSpamInputSimulator	StardewValley.Util/ToolSpamInputSimulator.cs	ok	783
945	StardewValley.WorldMaps	MapArea	StardewValley.WorldMaps/MapArea.cs	ok	4461
946	StardewValley.WorldMaps	MapAreaPosition	StardewValley.WorldMaps/MapAreaPosition.cs	ok	5070
947	StardewValley.WorldMaps	MapAreaPositionWithContext	StardewValley.WorldMaps/MapAreaPositionWithContext.cs	ok	655
948	StardewValley.WorldMaps	MapAreaTexture	StardewValley.WorldMaps/MapAreaTexture.cs	ok	595
949	StardewValley.WorldMaps	MapAreaTooltip	StardewValley.WorldMaps/MapAreaTooltip.cs	ok	888
950	StardewValley.WorldMaps	MapRegion	StardewValley.WorldMaps/MapRegion.cs	ok	4575
951	StardewValley.WorldMaps	WorldMapManager	StardewValley.WorldMaps/WorldMapManager.cs	ok	3376
952	System.Runtime.CompilerServices	NullableAttribute	System.Runtime.CompilerServices/NullableAttribute.cs	ok	631
953	System.Runtime.CompilerServices	NullableContextAttribute	System.Runtime.CompilerServices/NullableContextAttribute.cs	ok	476
