0x101854648	StardewValley_StardewValley_Farmer_changeHairColor_0600365f	0x0600365f	StardewValley.Farmer	changeHairColor
0x1018548bc	StardewValley_StardewValley_Farmer_changeAccessory_06003662	0x06003662	StardewValley.Farmer	changeAccessory
0x101854aac	StardewValley_StardewValley_Farmer_changeEyeColor_06003665	0x06003665	StardewValley.Farmer	changeEyeColor
0x101854970	StardewValley_StardewValley_Farmer_changeSkinColor_06003663	0x06003663	StardewValley.Farmer	changeSkinColor
0x101ea186c	StardewValley_StardewValley_Menus_IClickableMenu_exitThisMenu_0600619b	0x0600619b	StardewValley.Menus.IClickableMenu	exitThisMenu
0x1017188e0	StardewValley_StardewValley_Game1_playSound_0600301b	0x0600301b	StardewValley.Game1	playSound
0x10183a070	StardewValley_StardewValley_Farmer_get_FarmerSprite_060035b3	0x060035b3	StardewValley.Farmer	get_FarmerSprite
0x1018534f8	StardewValley_StardewValley_Farmer_changeShirt_06003653	0x06003653	StardewValley.Farmer	changeShirt
0x1018546ec	StardewValley_StardewValley_Farmer_changePantsColor_06003660	0x06003660	StardewValley.Farmer	changePantsColor
0x101e5fa0c	StardewValley_StardewValley_Menus_ClickableTextureComponent__ctor_0600601b	0x0600601b	StardewValley.Menus.ClickableTextureComponent	.ctor
0x101ea313c	StardewValley_StardewValley_Menus_IClickableMenu_drawTextureBox_060061a8	0x060061a8	StardewValley.Menus.IClickableMenu	drawTextureBox
0x101a25f60	StardewValley_StardewValley_Utility_drawTextWithShadow_06004232	0x06004232	StardewValley.Utility	drawTextWithShadow
0x101e6df18	StardewValley_StardewValley_Menus_DialogueBox__ctor_06006076	0x06006076	StardewValley.Menus.DialogueBox	.ctor
0x101ea0478	StardewValley_StardewValley_Menus_IClickableMenu_getComponentWithID_06006181	0x06006181	StardewValley.Menus.IClickableMenu	getComponentWithID
0x1018535c8	StardewValley_StardewValley_Farmer_rotatePantStyle_06003654	0x06003654	StardewValley.Farmer	rotatePantStyle
0x1019e17cc	StardewValley_StardewValley_Program_get_sdk_06003f56	0x06003f56	StardewValley.Program	get_sdk
0x101de85e4	StardewValley_StardewValley_BellsAndWhistles_SpriteText_getWidthOfString_06005d29	0x06005d29	StardewValley.BellsAndWhistles.SpriteText	getWidthOfString
0x101deabd4	StardewValley_StardewValley_BellsAndWhistles_SpriteText_drawString_06005d44	0x06005d44	StardewValley.BellsAndWhistles.SpriteText	drawString
0x101efbca0	StardewValley_StardewValley_Menus_LoadGameMenu_drawStatusText_060062df	0x060062df	StardewValley.Menus.LoadGameMenu	drawStatusText
0x10173c28c	StardewValley_StardewValley_Game1_getLocationFromName_060030db	0x060030db	StardewValley.Game1	getLocationFromName
0x101b5817c	StardewValley_StardewValley_Network_Server_playerDisconnected_06004d1a	0x06004d1a	StardewValley.Network.Server	playerDisconnected
0x101b36d98	StardewValley_StardewValley_Network_Client__ctor_06004ad6	0x06004ad6	StardewValley.Network.Client	.ctor
0x101e9e83c	StardewValley_StardewValley_Menus_IClickableMenu__ctor_06006162	0x06006162	StardewValley.Menus.IClickableMenu	.ctor
0x101e5f834	StardewValley_StardewValley_Menus_ClickableTextureComponent__ctor_0600601a	0x0600601a	StardewValley.Menus.ClickableTextureComponent	.ctor
0x10183694c	StardewValley_StardewValley_Farmer_get_team_06003559	0x06003559	StardewValley.Farmer	get_team
0x101f94280	StardewValley_StardewValley_Menus_TitleTextInputMenu__ctor_060065af	0x060065af	StardewValley.Menus.TitleTextInputMenu	.ctor
0x101ea05ec	StardewValley_StardewValley_Menus_IClickableMenu_initializeUpperRightCloseButton_06006182	0x06006182	StardewValley.Menus.IClickableMenu	initializeUpperRightCloseButton
0x101b54650	StardewValley_StardewValley_Network_OutgoingMessage_Write_06004cd1	0x06004cd1	StardewValley.Network.OutgoingMessage	Write
0x101b3ddf8	StardewValley_StardewValley_Network_IncomingMessage_Read_06004b46	0x06004b46	StardewValley.Network.IncomingMessage	Read
0x101efafc8	StardewValley_StardewValley_Menus_LoadGameMenu_update_060062da	0x060062da	StardewValley.Menus.LoadGameMenu	update
0x101711b4c	StardewValley_StardewValley_Game1_get_IsMasterGame_06002ff6	0x06002ff6	StardewValley.Game1	get_IsMasterGame
0x101710304	StardewValley_StardewValley_Game1_get_gameMode_06002fda	0x06002fda	StardewValley.Game1	get_gameMode
0x10170dec0	StardewValley_StardewValley_Game1_get_locations_06002fa7	0x06002fa7	StardewValley.Game1	get_locations
0x101f635f0	StardewValley_StardewValley_Menus_SliderBar__ctor_060064cb	0x060064cb	StardewValley.Menus.SliderBar	.ctor
0x10194e550	StardewValley_StardewValley_Multiplayer_get_protocolVersion_06003c1a	0x06003c1a	StardewValley.Multiplayer	get_protocolVersion
0x101a00928	StardewValley_StardewValley_Tool__ctor_060040fd	0x060040fd	StardewValley.Tool	.ctor
0x10184d66c	StardewValley_StardewValley_Farmer_IsEquippedItem_0600362e	0x0600362e	StardewValley.Farmer	IsEquippedItem
0x101a13770	StardewValley_StardewValley_Utility_CollectOrDrop_060041a3	0x060041a3	StardewValley.Utility	CollectOrDrop
0x101793e2c	StardewValley_StardewValley_Character_set_Name_0600325d	0x0600325d	StardewValley.Character	set_Name
0x101729ed8	StardewValley_StardewValley_Game1_exitActiveMenu_06003073	0x06003073	StardewValley.Game1	exitActiveMenu
0x101f80684	StardewValley_StardewValley_Menus_TitleMenu_set_subMenu_06006581	0x06006581	StardewValley.Menus.TitleMenu	set_subMenu
0x101f87e24	StardewValley_StardewValley_Menus_TitleMenu_createdNewCharacter_060065a0	0x060065a0	StardewValley.Menus.TitleMenu	createdNewCharacter
0x101bf2ab4	StardewValley_StardewValley_Minigames_Intro_doneCreatingCharacter_06005094	0x06005094	StardewValley.Minigames.Intro	doneCreatingCharacter
0x101854cc0	StardewValley_StardewValley_Farmer_changeGender_06003667	0x06003667	StardewValley.Farmer	changeGender
0x101854288	StardewValley_StardewValley_Farmer_changeHairStyle_0600365b	0x0600365b	StardewValley.Farmer	changeHairStyle
0x1011b0e90	StardewValley_Ionic_Zlib_ZlibStream__ctor_060000ed	0x060000ed	Ionic.Zlib.ZlibStream	.ctor
0x101a2e834	StardewValley_StardewValley_Utility_getTopLeftPositionForCenteringOnScreen_06004276	0x06004276	StardewValley.Utility	getTopLeftPositionForCenteringOnScreen
0x101ea2d6c	StardewValley_StardewValley_Menus_IClickableMenu_drawTextureBox_060061a5	0x060061a5	StardewValley.Menus.IClickableMenu	drawTextureBox
0x101f85550	StardewValley_StardewValley_Menus_TitleMenu_backButtonPressed_06006598	0x06006598	StardewValley.Menus.TitleMenu	backButtonPressed
0x101e6f5ec	StardewValley_StardewValley_Menus_DialogueBox_hasFinishedTyping_0600607f	0x0600607f	StardewValley.Menus.DialogueBox	hasFinishedTyping
0x101e6f580	StardewValley_StardewValley_Menus_DialogueBox_finishTyping_0600607e	0x0600607e	StardewValley.Menus.DialogueBox	finishTyping
0x1020b01f4	StardewValley_StardewValley_Menus_LoadGameMenu_MenuSlot__ctor_060073b0	0x060073b0	StardewValley.Menus.LoadGameMenu+MenuSlot	.ctor
0x101ef8c10	StardewValley_StardewValley_Menus_LoadGameMenu__ctor_060062c5	0x060062c5	StardewValley.Menus.LoadGameMenu	.ctor
0x101f7c908	StardewValley_StardewValley_Menus_TextBox__ctor_0600655b	0x0600655b	StardewValley.Menus.TextBox	.ctor
0x101f7c5d4	StardewValley_StardewValley_Menus_TextBox_set_Text_06006558	0x06006558	StardewValley.Menus.TextBox	set_Text
0x101711d40	StardewValley_StardewValley_Game1_get_MasterPlayer_06002ffa	0x06002ffa	StardewValley.Game1	get_MasterPlayer
0x1018377f4	StardewValley_StardewValley_Farmer_get_hasSkullKey_0600356a	0x0600356a	StardewValley.Farmer	get_hasSkullKey
0x101e73f18	StardewValley_StardewValley_Menus_DialogueBox_GetWidth_0600609a	0x0600609a	StardewValley.Menus.DialogueBox	GetWidth
0x101e6e2cc	StardewValley_StardewValley_Menus_DialogueBox__ctor_06006077	0x06006077	StardewValley.Menus.DialogueBox	.ctor
0x10170bb6c	StardewValley_StardewValley_Game1_ResetLinkedChallenge_06002f8d	0x06002f8d	StardewValley.Game1	ResetLinkedChallenge
0x101737980	StardewValley_StardewValley_Game1_drawObjectDialogue_060030be	0x060030be	StardewValley.Game1	drawObjectDialogue
0x101f636b8	StardewValley_StardewValley_Menus_SliderBar_updateExpandedBounds_060064cc	0x060064cc	StardewValley.Menus.SliderBar	updateExpandedBounds
0x101794214	StardewValley_StardewValley_Character_get_currentLocation_0600326b	0x0600326b	StardewValley.Character	get_currentLocation
0x10170efbc	StardewValley_StardewValley_Game1_get_globalFade_06002fbb	0x06002fbb	StardewValley.Game1	get_globalFade
0x101f9518c	StardewValley_StardewValley_Menus_Toolbar_getIconPosition_060065be	0x060065be	StardewValley.Menus.Toolbar	getIconPosition
0x1020b0498	StardewValley_StardewValley_Menus_LoadGameMenu_SaveFileSlot_Activate_060073b7	0x060073b7	StardewValley.Menus.LoadGameMenu+SaveFileSlot	Activate
0x101e82300	StardewValley_StardewValley_Menus_FarmhandMenu__ctor_060060f2	0x060060f2	StardewValley.Menus.FarmhandMenu	.ctor
0x101f6374c	StardewValley_StardewValley_Menus_SliderBar_click_060064cd	0x060064cd	StardewValley.Menus.SliderBar	click
0x10176a4a0	StardewValley_StardewValley_Game1_getSourceRectForStandardTileSheet_06003181	0x06003181	StardewValley.Game1	getSourceRectForStandardTileSheet
0x101853e40	StardewValley_StardewValley_Farmer_GetAllHairstyleIndices_06003659	0x06003659	StardewValley.Farmer	GetAllHairstyleIndices
0x101856fd8	StardewValley_StardewValley_Farmer_UpdateClothing_0600367a	0x0600367a	StardewValley.Farmer	UpdateClothing
0x1018365bc	StardewValley_StardewValley_Farmer_get_catPerson_06003552	0x06003552	StardewValley.Farmer	get_catPerson
0x10186a40c	StardewValley_StardewValley_Farmer_CreateFakeEventFarmer_060036e2	0x060036e2	StardewValley.Farmer	CreateFakeEventFarmer
0x101857484	StardewValley_StardewValley_Farmer_GetPantsId_0600367e	0x0600367e	StardewValley.Farmer	GetPantsId
0x101857990	StardewValley_StardewValley_Farmer_GetShirtId_06003683	0x06003683	StardewValley.Farmer	GetShirtId
0x101f177cc	StardewValley_StardewValley_Menus_OptionsPage_SaveStartupPreferences_060063aa	0x060063aa	StardewValley.Menus.OptionsPage	SaveStartupPreferences
0x101ea12c4	StardewValley_StardewValley_Menus_IClickableMenu_gameWindowSizeChanged_06006186	0x06006186	StardewValley.Menus.IClickableMenu	gameWindowSizeChanged
0x1020b0378	StardewValley_StardewValley_Menus_LoadGameMenu_SaveFileSlot__ctor_060073b6	0x060073b6	StardewValley.Menus.LoadGameMenu+SaveFileSlot	.ctor
0x101efce58	StardewValley_StardewValley_Menus_LoadGameMenu_Dispose_060062e9	0x060062e9	StardewValley.Menus.LoadGameMenu	Dispose
0x101a70a6c	StardewValley_StardewValley_TokenizableStrings_TokenParser_ParseText_0600445a	0x0600445a	StardewValley.TokenizableStrings.TokenParser	ParseText
0x101a26eb0	StardewValley_StardewValley_Utility_TryGetPassiveFestivalData_06004237	0x06004237	StardewValley.Utility	TryGetPassiveFestivalData
0x101a36fb0	StardewValley_StardewValley_WorldDate_Localize_060042d3	0x060042d3	StardewValley.WorldDate	Localize
0x101720c64	StardewValley_StardewValley_Game1_isDarkOut_0600303d	0x0600303d	StardewValley.Game1	isDarkOut
0x1018bff04	StardewValley_StardewValley_GameLocation_get_NameOrUniqueName_0600397a	0x0600397a	StardewValley.GameLocation	get_NameOrUniqueName
0x101738928	StardewValley_StardewValley_Game1_getLocationRequest_060030c9	0x060030c9	StardewValley.Game1	getLocationRequest
0x1018b2314	StardewValley_StardewValley_LocationRequest_add_OnWarp_06003916	0x06003916	StardewValley.LocationRequest	add_OnWarp
0x101793b94	StardewValley_StardewValley_Character_get_TilePoint_06003257	0x06003257	StardewValley.Character	get_TilePoint
0x101738e14	StardewValley_StardewValley_Game1_warpFarmer_060030cf	0x060030cf	StardewValley.Game1	warpFarmer
0x10170d590	StardewValley_StardewValley_Game1_get_temporaryContent_06002f98	0x06002f98	StardewValley.Game1	get_temporaryContent
0x101ea1350	StardewValley_StardewValley_Menus_IClickableMenu_receiveLeftClick_0600618b	0x0600618b	StardewValley.Menus.IClickableMenu	receiveLeftClick
0x1017c9ff4	StardewValley_StardewValley_Event__ctor_06003458	0x06003458	StardewValley.Event	.ctor
0x101b3d974	StardewValley_StardewValley_Network_HookableClient__ctor_06004b31	0x06004b31	StardewValley.Network.HookableClient	.ctor
0x101e70a5c	StardewValley_StardewValley_Menus_DialogueBox_isTransitioning_06006088	0x06006088	StardewValley.Menus.DialogueBox	isTransitioning
0x101efa8d8	StardewValley_StardewValley_Menus_LoadGameMenu_receiveLeftClick_060062d7	0x060062d7	StardewValley.Menus.LoadGameMenu	receiveLeftClick
0x101de89b8	StardewValley_StardewValley_BellsAndWhistles_SpriteText_getHeightOfString_06005d2b	0x06005d2b	StardewValley.BellsAndWhistles.SpriteText	getHeightOfString
0x1017090d8	StardewValley_StardewValley_Game1_get_NativeZoomLevel_06002f79	0x06002f79	StardewValley.Game1	get_NativeZoomLevel
0x1017186c4	StardewValley_StardewValley_Game1_resetPlayer_06003019	0x06003019	StardewValley.Game1	resetPlayer
0x101e51e58	StardewValley_StardewValley_Menus_CharacterCustomization__ctor_06005faf	0x06005faf	StardewValley.Menus.CharacterCustomization	.ctor
0x101e26930	StardewValley_StardewValley_Menus_AdvancedGameOptions__ctor_06005ebc	0x06005ebc	StardewValley.Menus.AdvancedGameOptions	.ctor
0x101ef90b8	StardewValley_StardewValley_Menus_LoadGameMenu_startListPopulation_060062c7	0x060062c7	StardewValley.Menus.LoadGameMenu	startListPopulation
0x101e9ecdc	StardewValley_StardewValley_Menus_IClickableMenu_RemoveDependency_0600616a	0x0600616a	StardewValley.Menus.IClickableMenu	RemoveDependency
0x101a36be8	StardewValley_StardewValley_WorldDate__ctor_060042cf	0x060042cf	StardewValley.WorldDate	.ctor
0x101a36624	StardewValley_StardewValley_WorldDate_set_DayOfMonth_060042c4	0x060042c4	StardewValley.WorldDate	set_DayOfMonth
0x101a3674c	StardewValley_StardewValley_WorldDate_set_Season_060042c7	0x060042c7	StardewValley.WorldDate	set_Season
0x101a36520	StardewValley_StardewValley_WorldDate_set_Year_060042c1	0x060042c1	StardewValley.WorldDate	set_Year
