addr	name	token	type	method	body_bytes	ranges
0x101784eac	SDV_StardewValley_TutorialMessage_get_Message_060031cb	0x060031cb	StardewValley.TutorialMessage	get_Message	16	1
0x101784ed0	SDV_StardewValley_TutorialMessage_set_Message_060031cc	0x060031cc	StardewValley.TutorialMessage	set_Message	64	1
0x101784f10	SDV_StardewValley_TutorialMessage__ctor_060031cd	0x060031cd	StardewValley.TutorialMessage	.ctor	608	1
0x101785170	SDV_StardewValley_TutorialMessage_update_060031ce	0x060031ce	StardewValley.TutorialMessage	update	288	2
0x101785298	SDV_StardewValley_TutorialMessage_receiveRightClick_060031cf	0x060031cf	StardewValley.TutorialMessage	receiveRightClick	44	1
0x10179d4e8	SDV_StardewValley_CloudSync_get_SyncMenu_060032d6	0x060032d6	StardewValley.CloudSync	get_SyncMenu	224	2
0x10179d5d4	SDV_StardewValley_CloudSync_get_IsSyncing_060032d7	0x060032d7	StardewValley.CloudSync	get_IsSyncing	196	2
0x10179d6bc	SDV_StardewValley_CloudSync_get_Progress_060032d8	0x060032d8	StardewValley.CloudSync	get_Progress	124	1
0x10179d74c	SDV_StardewValley_CloudSync_get_IsStopping_060032d9	0x060032d9	StardewValley.CloudSync	get_IsStopping	16	1
0x10179d770	SDV_StardewValley_CloudSync_RequestStop_060032da	0x060032da	StardewValley.CloudSync	RequestStop	184	2
0x10179d84c	SDV_StardewValley_CloudSync_BeginSync_060032db	0x060032db	StardewValley.CloudSync	BeginSync	496	2
0x10179da5c	SDV_StardewValley_CloudSync_Wait_060032dc	0x060032dc	StardewValley.CloudSync	Wait	204	2
0x10179db44	SDV_StardewValley_CloudSync_DeleteSave_060032dd	0x060032dd	StardewValley.CloudSync	DeleteSave	324	2
0x10179dcac	SDV_StardewValley_CloudSync_UploadSave_060032de	0x060032de	StardewValley.CloudSync	UploadSave	324	2
0x10179de14	SDV_StardewValley_CloudSync_ShowConflictBox_060032df	0x060032df	StardewValley.CloudSync	ShowConflictBox	1812	1
0x1000a8e00	SDV_StardewValley_CloudSync_SyncTask_060032e0	0x060032e0	StardewValley.CloudSync	SyncTask	2164	11
0x10179e528	SDV_StardewValley_CloudSync_GatherSyncOps_060032e1	0x060032e1	StardewValley.CloudSync	GatherSyncOps	2196	4
0x10179edd0	SDV_StardewValley_CloudSync_ReadSyncronizedState_060032e2	0x060032e2	StardewValley.CloudSync	ReadSyncronizedState	248	2
0x10179eed0	SDV_StardewValley_CloudSync_WriteSyncronizedState_060032e3	0x060032e3	StardewValley.CloudSync	WriteSyncronizedState	224	1
0x10179efb0	SDV_StardewValley_CloudSync_DeleteSyncronizedState_060032e4	0x060032e4	StardewValley.CloudSync	DeleteSyncronizedState	180	1
0x1000a98e0	SDV_StardewValley_CloudSync_UploadToCloud_060032e5	0x060032e5	StardewValley.CloudSync	UploadToCloud	2192	2
0x10179f064	SDV_StardewValley_CloudSync_SafeDelete_060032e6	0x060032e6	StardewValley.CloudSync	SafeDelete	80	1
0x10179f0d0	SDV_StardewValley_CloudSync_CompressSave_060032e7	0x060032e7	StardewValley.CloudSync	CompressSave	1248	7
0x1000aa240	SDV_StardewValley_CloudSync_DownloadCloudSave_060032e8	0x060032e8	StardewValley.CloudSync	DownloadCloudSave	2004	5
0x10179f608	SDV_StardewValley_CloudSync_GetTimestamp_060032e9	0x060032e9	StardewValley.CloudSync	GetTimestamp	84	1
0x10179f65c	SDV_StardewValley_CloudSync_GetLocalSaves_060032ea	0x060032ea	StardewValley.CloudSync	GetLocalSaves	856	1
0x10179f9c0	SDV_StardewValley_CloudSync_GetDbAndZoneId_060032eb	0x060032eb	StardewValley.CloudSync	GetDbAndZoneId	240	1
0x10179fab0	SDV_StardewValley_CloudSync_QureryCloudSaves_060032ec	0x060032ec	StardewValley.CloudSync	QureryCloudSaves	872	3
0x1000aaba0	SDV_StardewValley_CloudSync_DeleteCloudSaves_060032ed	0x060032ed	StardewValley.CloudSync	DeleteCloudSaves	4384	10
0x10179fec0	SDV_StardewValley_CloudSync_DeleteLocalSave_060032ee	0x060032ee	StardewValley.CloudSync	DeleteLocalSave	152	1
0x10179ff84	SDV_StardewValley_CloudSync_GetSaveInfoAndFarmer_060032ef	0x060032ef	StardewValley.CloudSync	GetSaveInfoAndFarmer	312	1
0x1017a00bc	SDV_StardewValley_CloudSync_GetInfoAndFarmerFromTitle_060032f0	0x060032f0	StardewValley.CloudSync	GetInfoAndFarmerFromTitle	304	1
0x1017a01ec	SDV_StardewValley_CloudSync_GetNameAndSeedFromTitle_060032f1	0x060032f1	StardewValley.CloudSync	GetNameAndSeedFromTitle	260	2
0x1017a0308	SDV_StardewValley_CloudSync__ctor_060032f2	0x060032f2	StardewValley.CloudSync	.ctor	296	1
0x101a3cea8	SDV_StardewValley_Util_CloneExtensions_IsPrimitive_06004324	0x06004324	StardewValley.Util.CloneExtensions	IsPrimitive	172	1
0x101a3cf54	SDV_StardewValley_Util_CloneExtensions_DeepClone_06004325	0x06004325	StardewValley.Util.CloneExtensions	DeepClone	100	1
0x101a3cfb8	SDV_StardewValley_Util_CloneExtensions_DeepCloneT_06004326	0x06004326	StardewValley.Util.CloneExtensions	DeepCloneT	160	1
0x101a3d058	SDV_StardewValley_Util_CloneExtensions_DeepCloneObject_06004327	0x06004327	StardewValley.Util.CloneExtensions	DeepCloneObject	160	1
0x101a3d0f8	SDV_StardewValley_Util_CloneExtensions_InternalCopy_06004328	0x06004328	StardewValley.Util.CloneExtensions	InternalCopy	704	2
0x101a3d3c4	SDV_StardewValley_Util_CloneExtensions_RecursiveCopyBaseTypePrivateFields_06004329	0x06004329	StardewValley.Util.CloneExtensions	RecursiveCopyBaseTypePrivateFields	384	2
0x101a3d558	SDV_StardewValley_Util_CloneExtensions_CopyFields_0600432a	0x0600432a	StardewValley.Util.CloneExtensions	CopyFields	312	1
0x101a3d6bc	SDV_StardewValley_Util_CloneExtensions_Copy_0600432b	0x0600432b	StardewValley.Util.CloneExtensions	Copy	172	1
0x101a3d768	SDV_StardewValley_Util_CloneExtensions_ForEach_0600432c	0x0600432c	StardewValley.Util.CloneExtensions	ForEach	248	1
0x101a3d860	SDV_StardewValley_Util_CloneExtensions__cctor_0600432d	0x0600432d	StardewValley.Util.CloneExtensions	.cctor	120	1
0x101a59814	SDV_StardewValley_Tools_MagnifyingGlass_GetOneNew_060043b8	0x060043b8	StardewValley.Tools.MagnifyingGlass	GetOneNew	108	1
0x101a59880	SDV_StardewValley_Tools_MagnifyingGlass__ctor_060043b9	0x060043b9	StardewValley.Tools.MagnifyingGlass	.ctor	56	1
0x101ab44bc	SDV_StardewValley_SDKs_GameCenter_GameCenterHelper_get_IsEnterButtonAssignmentFlipped_060046be	0x060046be	StardewValley.SDKs.GameCenter.GameCenterHelper	get_IsEnterButtonAssignmentFlipped	8	1
0x101ab44c4	SDV_StardewValley_SDKs_GameCenter_GameCenterHelper_get_IsJapaneseRegionRelease_060046bf	0x060046bf	StardewValley.SDKs.GameCenter.GameCenterHelper	get_IsJapaneseRegionRelease	8	1
0x101ab44cc	SDV_StardewValley_SDKs_GameCenter_GameCenterHelper_EarlyInitialize_060046c0	0x060046c0	StardewValley.SDKs.GameCenter.GameCenterHelper	EarlyInitialize	4	1
0x1000db8c0	SDV_StardewValley_SDKs_GameCenter_GameCenterHelper_Initialize_060046c1	0x060046c1	StardewValley.SDKs.GameCenter.GameCenterHelper	Initialize	52	1
0x101ab44d0	SDV_StardewValley_SDKs_GameCenter_GameCenterHelper_RetroactiveAchievementsAllowed_060046c2	0x060046c2	StardewValley.SDKs.GameCenter.GameCenterHelper	RetroactiveAchievementsAllowed	8	1
0x1000db900	SDV_StardewValley_SDKs_GameCenter_GameCenterHelper_SubmitLeaderboardScore_060046c3	0x060046c3	StardewValley.SDKs.GameCenter.GameCenterHelper	SubmitLeaderboardScore	124	1
0x101ab44d8	SDV_StardewValley_SDKs_GameCenter_GameCenterHelper_GetAchievement_060046c4	0x060046c4	StardewValley.SDKs.GameCenter.GameCenterHelper	GetAchievement	4	1
0x101ab44dc	SDV_StardewValley_SDKs_GameCenter_GameCenterHelper_ResetAchievements_060046c5	0x060046c5	StardewValley.SDKs.GameCenter.GameCenterHelper	ResetAchievements	4	1
0x1000db980	SDV_StardewValley_SDKs_GameCenter_GameCenterHelper_Update_060046c6	0x060046c6	StardewValley.SDKs.GameCenter.GameCenterHelper	Update	52	1
0x1000db9c0	SDV_StardewValley_SDKs_GameCenter_GameCenterHelper_Shutdown_060046c7	0x060046c7	StardewValley.SDKs.GameCenter.GameCenterHelper	Shutdown	52	1
0x101ab44e0	SDV_StardewValley_SDKs_GameCenter_GameCenterHelper_DebugInfo_060046c8	0x060046c8	StardewValley.SDKs.GameCenter.GameCenterHelper	DebugInfo	4	1
0x101ab44e4	SDV_StardewValley_SDKs_GameCenter_GameCenterHelper_FilterDirtyWords_060046c9	0x060046c9	StardewValley.SDKs.GameCenter.GameCenterHelper	FilterDirtyWords	8	1
0x101ab44ec	SDV_StardewValley_SDKs_GameCenter_GameCenterHelper_get_Name_060046ca	0x060046ca	StardewValley.SDKs.GameCenter.GameCenterHelper	get_Name	16	1
0x101ab4510	SDV_StardewValley_SDKs_GameCenter_GameCenterHelper_get_Networking_060046cb	0x060046cb	StardewValley.SDKs.GameCenter.GameCenterHelper	get_Networking	16	1
0x101ab4534	SDV_StardewValley_SDKs_GameCenter_GameCenterHelper_get_ConnectionFinished_060046cc	0x060046cc	StardewValley.SDKs.GameCenter.GameCenterHelper	get_ConnectionFinished	16	1
0x101ab4558	SDV_StardewValley_SDKs_GameCenter_GameCenterHelper_get_ConnectionProgress_060046cd	0x060046cd	StardewValley.SDKs.GameCenter.GameCenterHelper	get_ConnectionProgress	16	1
0x101ab457c	SDV_StardewValley_SDKs_GameCenter_GameCenterHelper_get_HasOverlay_060046ce	0x060046ce	StardewValley.SDKs.GameCenter.GameCenterHelper	get_HasOverlay	8	1
0x101ab4584	SDV_StardewValley_SDKs_GameCenter_GameCenterHelper__ctor_060046cf	0x060046cf	StardewValley.SDKs.GameCenter.GameCenterHelper	.ctor	124	1
0x101b420a0	SDV_StardewValley_Network_LoopbackClient__ctor_06004b85	0x06004b85	StardewValley.Network.LoopbackClient	.ctor	444	1
0x101b4225c	SDV_StardewValley_Network_LoopbackClient_get_id_06004b86	0x06004b86	StardewValley.Network.LoopbackClient	get_id	16	1
0x101b42280	SDV_StardewValley_Network_LoopbackClient_get_isConnected_06004b87	0x06004b87	StardewValley.Network.LoopbackClient	get_isConnected	24	1
0x101b422ac	SDV_StardewValley_Network_LoopbackClient_getUserID_06004b88	0x06004b88	StardewValley.Network.LoopbackClient	getUserID	64	1
0x101b422ec	SDV_StardewValley_Network_LoopbackClient_GetPingToHost_06004b89	0x06004b89	StardewValley.Network.LoopbackClient	GetPingToHost	8	1
0x101b422f4	SDV_StardewValley_Network_LoopbackClient_getHostUserName_06004b8a	0x06004b8a	StardewValley.Network.LoopbackClient	getHostUserName	64	1
0x101b42334	SDV_StardewValley_Network_LoopbackClient_connectImpl_06004b8b	0x06004b8b	StardewValley.Network.LoopbackClient	connectImpl	264	2
0x101b42454	SDV_StardewValley_Network_LoopbackClient_disconnect_06004b8c	0x06004b8c	StardewValley.Network.LoopbackClient	disconnect	384	3
0x101b425ec	SDV_StardewValley_Network_LoopbackClient_validateProtocol_06004b8d	0x06004b8d	StardewValley.Network.LoopbackClient	validateProtocol	64	1
0x101b4262c	SDV_StardewValley_Network_LoopbackClient_receiveMessagesImpl_06004b8e	0x06004b8e	StardewValley.Network.LoopbackClient	receiveMessagesImpl	468	5
0x101b42848	SDV_StardewValley_Network_LoopbackClient_sendMessage_06004b8f	0x06004b8f	StardewValley.Network.LoopbackClient	sendMessage	100	1
0x101b428c0	SDV_StardewValley_Network_LoopbackClient_serverMessage_06004b90	0x06004b90	StardewValley.Network.LoopbackClient	serverMessage	304	2
0x101b42a2c	SDV_StardewValley_Network_LoopbackClient_serverDisconnect_06004b91	0x06004b91	StardewValley.Network.LoopbackClient	serverDisconnect	140	1
0x101b42ab8	SDV_StardewValley_Network_LoopbackClient_serverKicked_06004b92	0x06004b92	StardewValley.Network.LoopbackClient	serverKicked	100	1
0x101b42b1c	SDV_StardewValley_Network_LoopbackServer_get_connectionsCount_06004b93	0x06004b93	StardewValley.Network.LoopbackServer	get_connectionsCount	20	1
0x101b42b50	SDV_StardewValley_Network_LoopbackServer_get_Instance_06004b94	0x06004b94	StardewValley.Network.LoopbackServer	get_Instance	68	1
0x101b42b94	SDV_StardewValley_Network_LoopbackServer_set_Instance_06004b95	0x06004b95	StardewValley.Network.LoopbackServer	set_Instance	76	1
0x101b42be0	SDV_StardewValley_Network_LoopbackServer__ctor_06004b96	0x06004b96	StardewValley.Network.LoopbackServer	.ctor	632	1
0x101b42e58	SDV_StardewValley_Network_LoopbackServer_isConnectionActive_06004b97	0x06004b97	StardewValley.Network.LoopbackServer	isConnectionActive	400	4
0x101b43000	SDV_StardewValley_Network_LoopbackServer_getUserId_06004b98	0x06004b98	StardewValley.Network.LoopbackServer	getUserId	204	3
0x101b430e0	SDV_StardewValley_Network_LoopbackServer_hasUserId_06004b99	0x06004b99	StardewValley.Network.LoopbackServer	hasUserId	532	3
0x101b4332c	SDV_StardewValley_Network_LoopbackServer_getUserName_06004b9a	0x06004b9a	StardewValley.Network.LoopbackServer	getUserName	204	3
0x101b4340c	SDV_StardewValley_Network_LoopbackServer_getPingToClient_06004b9b	0x06004b9b	StardewValley.Network.LoopbackServer	getPingToClient	160	2
0x101b434b8	SDV_StardewValley_Network_LoopbackServer_setPrivacy_06004b9c	0x06004b9c	StardewValley.Network.LoopbackServer	setPrivacy	4	1
0x101b434bc	SDV_StardewValley_Network_LoopbackServer_canAcceptIPConnections_06004b9d	0x06004b9d	StardewValley.Network.LoopbackServer	canAcceptIPConnections	8	1
0x101b434c4	SDV_StardewValley_Network_LoopbackServer_connected_06004b9e	0x06004b9e	StardewValley.Network.LoopbackServer	connected	16	1
0x101b434e8	SDV_StardewValley_Network_LoopbackServer_initialize_06004b9f	0x06004b9f	StardewValley.Network.LoopbackServer	initialize	44	1
0x101b43514	SDV_StardewValley_Network_LoopbackServer_stopServer_06004ba0	0x06004ba0	StardewValley.Network.LoopbackServer	stopServer	904	9
0x101b4398c	SDV_StardewValley_Network_LoopbackServer_receiveMessages_06004ba1	0x06004ba1	StardewValley.Network.LoopbackServer	receiveMessages	2348	11
0x101b4439c	SDV_StardewValley_Network_LoopbackServer_kick_06004ba2	0x06004ba2	StardewValley.Network.LoopbackServer	kick	248	2
0x101b444a0	SDV_StardewValley_Network_LoopbackServer_playerDisconnected_06004ba3	0x06004ba3	StardewValley.Network.LoopbackServer	playerDisconnected	300	2
0x101b445d8	SDV_StardewValley_Network_LoopbackServer_parseDataMessageFromClient_06004ba4	0x06004ba4	StardewValley.Network.LoopbackServer	parseDataMessageFromClient	772	2
0x101b448f4	SDV_StardewValley_Network_LoopbackServer_sendMessage_06004ba5	0x06004ba5	StardewValley.Network.LoopbackServer	sendMessage	244	2
0x101b449f4	SDV_StardewValley_Network_LoopbackServer_sendMessage_06004ba6	0x06004ba6	StardewValley.Network.LoopbackServer	sendMessage	108	1
0x101b44a60	SDV_StardewValley_Network_LoopbackServer_setLobbyData_06004ba7	0x06004ba7	StardewValley.Network.LoopbackServer	setLobbyData	4	1
0x101b44a64	SDV_StardewValley_Network_LoopbackServer_clientConnect_06004ba8	0x06004ba8	StardewValley.Network.LoopbackServer	clientConnect	208	2
0x101b44b4c	SDV_StardewValley_Network_LoopbackServer_clientMessage_06004ba9	0x06004ba9	StardewValley.Network.LoopbackServer	clientMessage	432	2
0x101b44d38	SDV_StardewValley_Network_LoopbackServer_clientDisconnect_06004baa	0x06004baa	StardewValley.Network.LoopbackServer	clientDisconnect	252	3
0x101df6714	SDV_StardewValley_Menus_CoopGameMenu__ctor_06005d9b	0x06005d9b	StardewValley.Menus.CoopGameMenu	.ctor	412	1
0x101df68b0	SDV_StardewValley_Menus_CoopGameMenu_readyToClose_06005d9c	0x06005d9c	StardewValley.Menus.CoopGameMenu	readyToClose	120	1
0x101df693c	SDV_StardewValley_Menus_CoopGameMenu_hasDeleteButtons_06005d9d	0x06005d9d	StardewValley.Menus.CoopGameMenu	hasDeleteButtons	8	1
0x101df6944	SDV_StardewValley_Menus_CoopGameMenu_get_MenuSlots_06005d9e	0x06005d9e	StardewValley.Menus.CoopGameMenu	get_MenuSlots	36	1
0x101df697c	SDV_StardewValley_Menus_CoopGameMenu_set_MenuSlots_06005d9f	0x06005d9f	StardewValley.Menus.CoopGameMenu	set_MenuSlots	64	1
0x101df69d0	SDV_StardewValley_Menus_CoopGameMenu_startListPopulation_06005da0	0x06005da0	StardewValley.Menus.CoopGameMenu	startListPopulation	4	1
0x101df69d4	SDV_StardewValley_Menus_CoopGameMenu_connectionFinished_06005da1	0x06005da1	StardewValley.Menus.CoopGameMenu	connectionFinished	932	5
0x101df6da8	SDV_StardewValley_Menus_CoopGameMenu_update_06005da2	0x06005da2	StardewValley.Menus.CoopGameMenu	update	260	3
0x101df6ec0	SDV_StardewValley_Menus_CoopGameMenu_gameWindowSizeChanged_06005da3	0x06005da3	StardewValley.Menus.CoopGameMenu	gameWindowSizeChanged	4	1
0x101df6ec4	SDV_StardewValley_Menus_CoopGameMenu_saveFileScanComplete_06005da4	0x06005da4	StardewValley.Menus.CoopGameMenu	saveFileScanComplete	408	3
0x101df7074	SDV_StardewValley_Menus_CoopGameMenu_readLobbyFarmData_06005da5	0x06005da5	StardewValley.Menus.CoopGameMenu	readLobbyFarmData	776	5
0x101df73ac	SDV_StardewValley_Menus_CoopGameMenu_checkFriendFarmCompatibility_06005da6	0x06005da6	StardewValley.Menus.CoopGameMenu	checkFriendFarmCompatibility	92	1
0x100121a50	SDV_StardewValley_Menus_CoopGameMenu_onLobbyUpdate_06005da7	0x06005da7	StardewValley.Menus.CoopGameMenu	onLobbyUpdate	1884	3
0x101df741c	SDV_StardewValley_Menus_CoopGameMenu_addSaveFiles_06005da8	0x06005da8	StardewValley.Menus.CoopGameMenu	addSaveFiles	456	1
0x101df75e4	SDV_StardewValley_Menus_CoopGameMenu_setMenu_06005da9	0x06005da9	StardewValley.Menus.CoopGameMenu	setMenu	292	1
0x101df7708	SDV_StardewValley_Menus_CoopGameMenu_enterIPPressed_06005daa	0x06005daa	StardewValley.Menus.CoopGameMenu	enterIPPressed	388	1
0x101df788c	SDV_StardewValley_Menus_CoopGameMenu_enterInviteCodePressed_06005dab	0x06005dab	StardewValley.Menus.CoopGameMenu	enterInviteCodePressed	484	2
0x101df7a7c	SDV_StardewValley_Menus_CoopGameMenu_receiveLeftClick_06005dac	0x06005dac	StardewValley.Menus.CoopGameMenu	receiveLeftClick	248	1
0x101df7b94	SDV_StardewValley_Menus_CoopGameMenu_performHoverAction_06005dad	0x06005dad	StardewValley.Menus.CoopGameMenu	performHoverAction	184	2
0x101df7c64	SDV_StardewValley_Menus_CoopGameMenu_getStatusText_06005dae	0x06005dae	StardewValley.Menus.CoopGameMenu	getStatusText	8	1
0x101df7c6c	SDV_StardewValley_Menus_CoopGameMenu_drawBefore_06005daf	0x06005daf	StardewValley.Menus.CoopGameMenu	drawBefore	32	1
0x101df7c8c	SDV_StardewValley_Menus_CoopGameMenu_drawExtra_06005db0	0x06005db0	StardewValley.Menus.CoopGameMenu	drawExtra	648	3
0x101df7f2c	SDV_StardewValley_Menus_CoopGameMenu_drawStatusText_06005db1	0x06005db1	StardewValley.Menus.CoopGameMenu	drawStatusText	868	4
0x101df82c8	SDV_StardewValley_Menus_CoopGameMenu_Dispose_06005db2	0x06005db2	StardewValley.Menus.CoopGameMenu	Dispose	236	3
0x101df83cc	SDV_StardewValley_Menus_CoopGameMenu__addSaveFiles_b__36_1_06005db3	0x06005db3	StardewValley.Menus.CoopGameMenu	<addSaveFiles>b__36_1	168	1
0x101df8474	SDV_StardewValley_Menus_CoopGameMenu__enterIPPressed_b__38_0_06005db4	0x06005db4	StardewValley.Menus.CoopGameMenu	<enterIPPressed>b__38_0	300	1
0x101df85c0	SDV_StardewValley_Menus_CoopGameMenu__enterInviteCodePressed_b__39_0_06005db5	0x06005db5	StardewValley.Menus.CoopGameMenu	<enterInviteCodePressed>b__39_0	308	3
0x101e00d88	SDV_StardewValley_Menus_HandPointer__ctor_06005dd6	0x06005dd6	StardewValley.Menus.HandPointer	.ctor	468	3
0x101e01204	SDV_StardewValley_Menus_HandPointer_start_06005dd7	0x06005dd7	StardewValley.Menus.HandPointer	start	68	1
0x101e0125c	SDV_StardewValley_Menus_HandPointer_update_06005dd8	0x06005dd8	StardewValley.Menus.HandPointer	update	564	6
0x101e01818	SDV_StardewValley_Menus_HandPointer_resetVector_06005dd9	0x06005dd9	StardewValley.Menus.HandPointer	resetVector	132	2
0x101e018a8	SDV_StardewValley_Menus_HandPointer_draw_06005dda	0x06005dda	StardewValley.Menus.HandPointer	draw	92	2
0x101e045b8	SDV_StardewValley_Menus_MobileColorPicker__ctor_06005dec	0x06005dec	StardewValley.Menus.MobileColorPicker	.ctor	1108	1
0x101e04a0c	SDV_StardewValley_Menus_MobileColorPicker__ctor_06005ded	0x06005ded	StardewValley.Menus.MobileColorPicker	.ctor	412	1
0x101e04ba8	SDV_StardewValley_Menus_MobileColorPicker_getSelectedColor_06005dee	0x06005dee	StardewValley.Menus.MobileColorPicker	getSelectedColor	184	2
0x101e04c6c	SDV_StardewValley_Menus_MobileColorPicker_click_06005def	0x06005def	StardewValley.Menus.MobileColorPicker	click	504	1
0x101e04e64	SDV_StardewValley_Menus_MobileColorPicker_receiveRightClick_06005df0	0x06005df0	StardewValley.Menus.MobileColorPicker	receiveRightClick	4	1
0x101e04e68	SDV_StardewValley_Menus_MobileColorPicker_changeHue_06005df1	0x06005df1	StardewValley.Menus.MobileColorPicker	changeHue	124	1
0x101e04f04	SDV_StardewValley_Menus_MobileColorPicker_changeSaturation_06005df2	0x06005df2	StardewValley.Menus.MobileColorPicker	changeSaturation	124	1
0x101e04fa0	SDV_StardewValley_Menus_MobileColorPicker_changeValue_06005df3	0x06005df3	StardewValley.Menus.MobileColorPicker	changeValue	124	1
0x101e0503c	SDV_StardewValley_Menus_MobileColorPicker_clickHeld_06005df4	0x06005df4	StardewValley.Menus.MobileColorPicker	clickHeld	384	3
0x101e051e0	SDV_StardewValley_Menus_MobileColorPicker_releaseClick_06005df5	0x06005df5	StardewValley.Menus.MobileColorPicker	releaseClick	84	2
0x101e05240	SDV_StardewValley_Menus_MobileColorPicker_draw_06005df6	0x06005df6	StardewValley.Menus.MobileColorPicker	draw	4288	3
0x101e06318	SDV_StardewValley_Menus_MobileColorPicker_containsPoint_06005df7	0x06005df7	StardewValley.Menus.MobileColorPicker	containsPoint	148	1
0x101e063ac	SDV_StardewValley_Menus_MobileColorPicker_setColor_06005df8	0x06005df8	StardewValley.Menus.MobileColorPicker	setColor	452	2
0x101e0657c	SDV_StardewValley_Menus_MobileColorPicker_RGBtoHSV_06005df9	0x06005df9	StardewValley.Menus.MobileColorPicker	RGBtoHSV	516	1
0x101e06780	SDV_StardewValley_Menus_MobileColorPicker_HsvToRgb_06005dfa	0x06005dfa	StardewValley.Menus.MobileColorPicker	HsvToRgb	496	1
0x101e069bc	SDV_StardewValley_Menus_MobileColorPicker_Clamp_06005dfb	0x06005dfb	StardewValley.Menus.MobileColorPicker	Clamp	24	1
0x101e069d4	SDV_StardewValley_Menus_MobileCustomizer_get_InTutorial_06005dfc	0x06005dfc	StardewValley.Menus.MobileCustomizer	get_InTutorial	72	1
0x101e06a30	SDV_StardewValley_Menus_MobileCustomizer_DyeItem_06005dfd	0x06005dfd	StardewValley.Menus.MobileCustomizer	DyeItem	144	2
0x101e06ae4	SDV_StardewValley_Menus_MobileCustomizer_GetOrCreateDisplayFarmer_06005dfe	0x06005dfe	StardewValley.Menus.MobileCustomizer	GetOrCreateDisplayFarmer	352	4
0x101e06c8c	SDV_StardewValley_Menus_MobileCustomizer_setUpSkinColorData_06005dff	0x06005dff	StardewValley.Menus.MobileCustomizer	setUpSkinColorData	392	1
0x101e06e14	SDV_StardewValley_Menus_MobileCustomizer_getSkinColor_06005e00	0x06005e00	StardewValley.Menus.MobileCustomizer	getSkinColor	232	2
0x101e06f14	SDV_StardewValley_Menus_MobileCustomizer_setUpShirts_06005e01	0x06005e01	StardewValley.Menus.MobileCustomizer	setUpShirts	200	1
0x101e06fdc	SDV_StardewValley_Menus_MobileCustomizer__ctor_06005e02	0x06005e02	StardewValley.Menus.MobileCustomizer	.ctor	3176	15
0x101e07e18	SDV_StardewValley_Menus_MobileCustomizer_snapToDefaultClickableComponent_06005e03	0x06005e03	StardewValley.Menus.MobileCustomizer	snapToDefaultClickableComponent	104	1
0x101e07e94	SDV_StardewValley_Menus_MobileCustomizer_setUpPositions_06005e04	0x06005e04	StardewValley.Menus.MobileCustomizer	setUpPositions	10300	16
0x101e0a838	SDV_StardewValley_Menus_MobileCustomizer_receiveLeftClick_06005e05	0x06005e05	StardewValley.Menus.MobileCustomizer	receiveLeftClick	6896	50
0x101e0cf20	SDV_StardewValley_Menus_MobileCustomizer_resetAllButtons_06005e06	0x06005e06	StardewValley.Menus.MobileCustomizer	resetAllButtons	892	2
0x101e0d2a8	SDV_StardewValley_Menus_MobileCustomizer_leftClickHeld_06005e07	0x06005e07	StardewValley.Menus.MobileCustomizer	leftClickHeld	2348	15
0x101e0dc88	SDV_StardewValley_Menus_MobileCustomizer_petHasChanges_06005e08	0x06005e08	StardewValley.Menus.MobileCustomizer	petHasChanges	164	2
0x101e0dd38	SDV_StardewValley_Menus_MobileCustomizer_releaseLeftClick_06005e09	0x06005e09	StardewValley.Menus.MobileCustomizer	releaseLeftClick	576	4
0x101e0e0a0	SDV_StardewValley_Menus_MobileCustomizer_optionButtonClick_06005e0a	0x06005e0a	StardewValley.Menus.MobileCustomizer	optionButtonClick	2488	14
0x101e0eb90	SDV_StardewValley_Menus_MobileCustomizer_update_06005e0b	0x06005e0b	StardewValley.Menus.MobileCustomizer	update	476	8
0x101e0edf0	SDV_StardewValley_Menus_MobileCustomizer_setSliderPositions_06005e0c	0x06005e0c	StardewValley.Menus.MobileCustomizer	setSliderPositions	88	2
0x101e0f214	SDV_StardewValley_Menus_MobileCustomizer_GetCurrentShirtIndex_06005e0d	0x06005e0d	StardewValley.Menus.MobileCustomizer	GetCurrentShirtIndex	172	2
0x101e0f2cc	SDV_StardewValley_Menus_MobileCustomizer_GetCurrentPantIndex_06005e0e	0x06005e0e	StardewValley.Menus.MobileCustomizer	GetCurrentPantIndex	172	2
0x101e0f384	SDV_StardewValley_Menus_MobileCustomizer_GetCurrentHairIndex_06005e0f	0x06005e0f	StardewValley.Menus.MobileCustomizer	GetCurrentHairIndex	156	2
0x101e0f42c	SDV_StardewValley_Menus_MobileCustomizer_SetCurrentHairIndex_06005e10	0x06005e10	StardewValley.Menus.MobileCustomizer	SetCurrentHairIndex	260	2
0x101e0f53c	SDV_StardewValley_Menus_MobileCustomizer_selectionClick_06005e11	0x06005e11	StardewValley.Menus.MobileCustomizer	selectionClick	100	2
0x101e0fa30	SDV_StardewValley_Menus_MobileCustomizer_canLeaveMenu_06005e12	0x06005e12	StardewValley.Menus.MobileCustomizer	canLeaveMenu	400	3
0x101e0fcdc	SDV_StardewValley_Menus_MobileCustomizer_draw_06005e13	0x06005e13	StardewValley.Menus.MobileCustomizer	draw	14304	82
0x101e13f64	SDV_StardewValley_Menus_MobileCustomizer_ShowAdvancedOptions_06005e14	0x06005e14	StardewValley.Menus.MobileCustomizer	ShowAdvancedOptions	364	1
0x100122250	SDV_StardewValley_Menus_MobileCustomizer_GetPetTypesAndBreeds_06005e15	0x06005e15	StardewValley.Menus.MobileCustomizer	GetPetTypesAndBreeds	1108	3
0x101e140d0	SDV_StardewValley_Menus_MobileCustomizer_GetValidClothingIds_06005e16	0x06005e16	StardewValley.Menus.MobileCustomizer	GetValidClothingIds	640	3
0x101e14370	SDV_StardewValley_Menus_MobileCustomizer_GetValidPantsIds_06005e17	0x06005e17	StardewValley.Menus.MobileCustomizer	GetValidPantsIds	352	2
0x101e144dc	SDV_StardewValley_Menus_MobileCustomizer_GetValidShirtIds_06005e18	0x06005e18	StardewValley.Menus.MobileCustomizer	GetValidShirtIds	352	2
0x101e14648	SDV_StardewValley_Menus_MobileCustomizer___ctor_b__105_0_06005e19	0x06005e19	StardewValley.Menus.MobileCustomizer	<.ctor>b__105_0	96	2
0x101e146b4	SDV_StardewValley_Menus_MobileCustomizer___ctor_b__105_1_06005e1a	0x06005e1a	StardewValley.Menus.MobileCustomizer	<.ctor>b__105_1	136	1
0x101e1473c	SDV_StardewValley_Menus_MobileCustomizer___ctor_b__105_2_06005e1b	0x06005e1b	StardewValley.Menus.MobileCustomizer	<.ctor>b__105_2	136	1
0x101e147c4	SDV_StardewValley_Menus_MobileCustomizer___ctor_b__105_3_06005e1c	0x06005e1c	StardewValley.Menus.MobileCustomizer	<.ctor>b__105_3	136	1
0x101e1484c	SDV_StardewValley_Menus_MobileCustomizer___ctor_b__105_4_06005e1d	0x06005e1d	StardewValley.Menus.MobileCustomizer	<.ctor>b__105_4	316	5
0x101e14a2c	SDV_StardewValley_Menus_MobileCustomizer___ctor_b__105_5_06005e1e	0x06005e1e	StardewValley.Menus.MobileCustomizer	<.ctor>b__105_5	316	5
0x101e14c0c	SDV_StardewValley_Menus_MobileFarmChooser__ctor_06005e1f	0x06005e1f	StardewValley.Menus.MobileFarmChooser	.ctor	8184	22
0x101e16d6c	SDV_StardewValley_Menus_MobileFarmChooser_getNameOfDifficulty_06005e20	0x06005e20	StardewValley.Menus.MobileFarmChooser	getNameOfDifficulty	212	3
0x100122720	SDV_StardewValley_Menus_MobileFarmChooser_optionButtonClick_06005e21	0x06005e21	StardewValley.Menus.MobileFarmChooser	optionButtonClick	2396	4
0x101e16e64	SDV_StardewValley_Menus_MobileFarmChooser_selectionClick_06005e22	0x06005e22	StardewValley.Menus.MobileFarmChooser	selectionClick	652	6
0x101e17140	SDV_StardewValley_Menus_MobileFarmChooser_receiveRightClick_06005e23	0x06005e23	StardewValley.Menus.MobileFarmChooser	receiveRightClick	4	1
0x101e17144	SDV_StardewValley_Menus_MobileFarmChooser_receiveLeftClick_06005e24	0x06005e24	StardewValley.Menus.MobileFarmChooser	receiveLeftClick	1104	12
0x101e176a4	SDV_StardewValley_Menus_MobileFarmChooser_leftClickHeld_06005e25	0x06005e25	StardewValley.Menus.MobileFarmChooser	leftClickHeld	1276	6
0x101e17bf4	SDV_StardewValley_Menus_MobileFarmChooser_releaseLeftClick_06005e26	0x06005e26	StardewValley.Menus.MobileFarmChooser	releaseLeftClick	2032	21
0x101e18530	SDV_StardewValley_Menus_MobileFarmChooser_update_06005e27	0x06005e27	StardewValley.Menus.MobileFarmChooser	update	4	1
0x101e18534	SDV_StardewValley_Menus_MobileFarmChooser_draw_06005e28	0x06005e28	StardewValley.Menus.MobileFarmChooser	draw	7928	34
0x101e1a770	SDV_StardewValley_Menus_MobileFarmChooser_canLeaveMenu_06005e29	0x06005e29	StardewValley.Menus.MobileFarmChooser	canLeaveMenu	140	2
0x101e1a82c	SDV_StardewValley_Menus_MobileFarmChooser___ctor_g__AddCarousel_53_0_06005e2a	0x06005e2a	StardewValley.Menus.MobileFarmChooser	<.ctor>g__AddCarousel|53_0	1292	4
0x101e1ad5c	SDV_StardewValley_Menus_MobileScrollbar__ctor_06005e2b	0x06005e2b	StardewValley.Menus.MobileScrollbar	.ctor	1860	1
0x101e1b4a0	SDV_StardewValley_Menus_MobileScrollbar_draw_06005e2c	0x06005e2c	StardewValley.Menus.MobileScrollbar	draw	468	4
0x101e1b6b8	SDV_StardewValley_Menus_MobileScrollbar_setPercentage_06005e2d	0x06005e2d	StardewValley.Menus.MobileScrollbar	setPercentage	132	2
0x101e1b748	SDV_StardewValley_Menus_MobileScrollbar_setY_06005e2e	0x06005e2e	StardewValley.Menus.MobileScrollbar	setY	228	2
0x101e1b840	SDV_StardewValley_Menus_MobileScrollbar_upArrowContains_06005e2f	0x06005e2f	StardewValley.Menus.MobileScrollbar	upArrowContains	152	2
0x101e1b8e4	SDV_StardewValley_Menus_MobileScrollbar_downArrowContains_06005e30	0x06005e30	StardewValley.Menus.MobileScrollbar	downArrowContains	152	2
0x101e1b988	SDV_StardewValley_Menus_MobileScrollbar_sliderContains_06005e31	0x06005e31	StardewValley.Menus.MobileScrollbar	sliderContains	144	2
0x101e1ba24	SDV_StardewValley_Menus_MobileScrollbar_sliderRunnerContains_06005e32	0x06005e32	StardewValley.Menus.MobileScrollbar	sliderRunnerContains	160	1
0x101e1bac4	SDV_StardewValley_Menus_MobileScrollbox__ctor_06005e33	0x06005e33	StardewValley.Menus.MobileScrollbox	.ctor	360	1
0x101e1bc2c	SDV_StardewValley_Menus_MobileScrollbox_setUpForScrollBoxDrawing_06005e34	0x06005e34	StardewValley.Menus.MobileScrollbox	setUpForScrollBoxDrawing	536	1
0x101e1be44	SDV_StardewValley_Menus_MobileScrollbox_finishScrollBoxDrawing_06005e35	0x06005e35	StardewValley.Menus.MobileScrollbox	finishScrollBoxDrawing	496	1
0x101e1c034	SDV_StardewValley_Menus_MobileScrollbox_setMaxYOffset_06005e36	0x06005e36	StardewValley.Menus.MobileScrollbox	setMaxYOffset	52	1
0x101e1c068	SDV_StardewValley_Menus_MobileScrollbox_getMaxYOffset_06005e37	0x06005e37	StardewValley.Menus.MobileScrollbox	getMaxYOffset	16	1
0x101e1c08c	SDV_StardewValley_Menus_MobileScrollbox_setYOffsetForScroll_06005e38	0x06005e38	StardewValley.Menus.MobileScrollbox	setYOffsetForScroll	160	2
0x101e1c140	SDV_StardewValley_Menus_MobileScrollbox_getYOffsetForScroll_06005e39	0x06005e39	StardewValley.Menus.MobileScrollbox	getYOffsetForScroll	52	1
0x101e1c188	SDV_StardewValley_Menus_MobileScrollbox_update_06005e3a	0x06005e3a	StardewValley.Menus.MobileScrollbox	update	416	2
0x101e1c33c	SDV_StardewValley_Menus_MobileScrollbox_leftClickHeld_06005e3b	0x06005e3b	StardewValley.Menus.MobileScrollbox	leftClickHeld	656	3
0x101e1c5e0	SDV_StardewValley_Menus_MobileScrollbox_releaseLeftClick_06005e3c	0x06005e3c	StardewValley.Menus.MobileScrollbox	releaseLeftClick	228	2
0x101e1c6e4	SDV_StardewValley_Menus_MobileScrollbox_receiveLeftClick_06005e3d	0x06005e3d	StardewValley.Menus.MobileScrollbox	receiveLeftClick	256	1
0x101e1c7e4	SDV_StardewValley_Menus_MobileScrollbox_receiveScrollWheelAction_06005e3e	0x06005e3e	StardewValley.Menus.MobileScrollbox	receiveScrollWheelAction	184	2
0x101e1c8b0	SDV_StardewValley_Menus_TutorialItem_get_Prerequisites_06005e3f	0x06005e3f	StardewValley.Menus.TutorialItem	get_Prerequisites	16	1
0x101e1c8d4	SDV_StardewValley_Menus_TutorialItem_set_Prerequisites_06005e40	0x06005e40	StardewValley.Menus.TutorialItem	set_Prerequisites	64	1
0x101e1c914	SDV_StardewValley_Menus_TutorialItem_get_IgnoreIfThere_06005e41	0x06005e41	StardewValley.Menus.TutorialItem	get_IgnoreIfThere	16	1
0x101e1c938	SDV_StardewValley_Menus_TutorialItem_set_IgnoreIfThere_06005e42	0x06005e42	StardewValley.Menus.TutorialItem	set_IgnoreIfThere	64	1
0x101e1c978	SDV_StardewValley_Menus_TutorialItem_get_Completed_06005e43	0x06005e43	StardewValley.Menus.TutorialItem	get_Completed	16	1
0x101e1c99c	SDV_StardewValley_Menus_TutorialItem_set_Completed_06005e44	0x06005e44	StardewValley.Menus.TutorialItem	set_Completed	16	1
0x101e1c9c0	SDV_StardewValley_Menus_TutorialItem_get_AlreadyShown_06005e45	0x06005e45	StardewValley.Menus.TutorialItem	get_AlreadyShown	16	1
0x101e1c9e4	SDV_StardewValley_Menus_TutorialItem_set_AlreadyShown_06005e46	0x06005e46	StardewValley.Menus.TutorialItem	set_AlreadyShown	16	1
0x101e1ca08	SDV_StardewValley_Menus_TutorialItem_get_Showing_06005e47	0x06005e47	StardewValley.Menus.TutorialItem	get_Showing	16	1
0x101e1ca2c	SDV_StardewValley_Menus_TutorialItem_set_Showing_06005e48	0x06005e48	StardewValley.Menus.TutorialItem	set_Showing	16	1
0x101e1ca50	SDV_StardewValley_Menus_TutorialItem_get_WillTimeOut_06005e49	0x06005e49	StardewValley.Menus.TutorialItem	get_WillTimeOut	16	1
0x101e1ca74	SDV_StardewValley_Menus_TutorialItem_set_WillTimeOut_06005e4a	0x06005e4a	StardewValley.Menus.TutorialItem	set_WillTimeOut	16	1
0x101e1ca98	SDV_StardewValley_Menus_TutorialItem__ctor_06005e4b	0x06005e4b	StardewValley.Menus.TutorialItem	.ctor	364	1
0x101e1cc04	SDV_StardewValley_Menus_TutorialItem_Location_06005e4c	0x06005e4c	StardewValley.Menus.TutorialItem	Location	68	1
0x101e1cc48	SDV_StardewValley_Menus_TutorialItem_Menu_06005e4d	0x06005e4d	StardewValley.Menus.TutorialItem	Menu	68	1
0x101e1cc8c	SDV_StardewValley_Menus_TutorialItem_Text_06005e4e	0x06005e4e	StardewValley.Menus.TutorialItem	Text	132	1
0x101e1cd10	SDV_StardewValley_Menus_TutorialItem_TimeOut_06005e4f	0x06005e4f	StardewValley.Menus.TutorialItem	TimeOut	52	1
0x101e1cd44	SDV_StardewValley_Menus_TutorialItem_Requires_06005e50	0x06005e50	StardewValley.Menus.TutorialItem	Requires	304	2
0x101e1ce8c	SDV_StardewValley_Menus_TutorialItem_SkippedBy_06005e51	0x06005e51	StardewValley.Menus.TutorialItem	SkippedBy	304	2
0x101e1cfd4	SDV_StardewValley_Menus_TutorialItem_Target_06005e52	0x06005e52	StardewValley.Menus.TutorialItem	Target	72	1
0x101e1d01c	SDV_StardewValley_Menus_TutorialItem_Target_06005e53	0x06005e53	StardewValley.Menus.TutorialItem	Target	76	1
0x101e1d068	SDV_StardewValley_Menus_TutorialItem_Target_06005e54	0x06005e54	StardewValley.Menus.TutorialItem	Target	76	1
0x101e1d0b4	SDV_StardewValley_Menus_TutorialItem_Delay_06005e55	0x06005e55	StardewValley.Menus.TutorialItem	Delay	16	1
0x101e1d0d8	SDV_StardewValley_Menus_TutorialItem_setComplete_06005e56	0x06005e56	StardewValley.Menus.TutorialItem	setComplete	132	1
0x101e1d15c	SDV_StardewValley_Menus_TutorialItem_unShow_06005e57	0x06005e57	StardewValley.Menus.TutorialItem	unShow	148	2
0x101e1d204	SDV_StardewValley_Menus_TutorialItem_isInDialogBounds_06005e58	0x06005e58	StardewValley.Menus.TutorialItem	isInDialogBounds	136	1
0x101e1d2a0	SDV_StardewValley_Menus_TutorialItem_show_06005e59	0x06005e59	StardewValley.Menus.TutorialItem	show	1000	2
0x101e1d69c	SDV_StardewValley_Menus_TutorialItem_draw_06005e5a	0x06005e5a	StardewValley.Menus.TutorialItem	draw	252	3
0x101e1d7b0	SDV_StardewValley_Menus_TutorialItem_drawDialogueBox_06005e5b	0x06005e5b	StardewValley.Menus.TutorialItem	drawDialogueBox	748	4
0x101e1daf0	SDV_StardewValley_Menus_TutorialItem_drawHandForUI_06005e5c	0x06005e5c	StardewValley.Menus.TutorialItem	drawHandForUI	380	2
0x101e1dc74	SDV_StardewValley_Menus_TutorialItem_drawButtonHands_06005e5d	0x06005e5d	StardewValley.Menus.TutorialItem	drawButtonHands	224	2
0x101e1dd5c	SDV_StardewValley_Menus_TutorialItem_dontAllowExit_06005e5e	0x06005e5e	StardewValley.Menus.TutorialItem	dontAllowExit	64	1
0x101e1ddb0	SDV_StardewValley_Menus_TutorialItem_receiveLeftClick_06005e5f	0x06005e5f	StardewValley.Menus.TutorialItem	receiveLeftClick	248	2
0x101e1deb4	SDV_StardewValley_Menus_TutorialItem_update_06005e60	0x06005e60	StardewValley.Menus.TutorialItem	update	552	3
0x101e1e0f0	SDV_StardewValley_Menus_TutorialItem_receiveRightClick_06005e61	0x06005e61	StardewValley.Menus.TutorialItem	receiveRightClick	4	1
0x101e1e0f4	SDV_StardewValley_Menus_TutorialManager_get_Instance_06005e62	0x06005e62	StardewValley.Menus.TutorialManager	get_Instance	116	1
0x101e1e168	SDV_StardewValley_Menus_TutorialManager_set_Instance_06005e63	0x06005e63	StardewValley.Menus.TutorialManager	set_Instance	132	1
0x101e1e1ec	SDV_StardewValley_Menus_TutorialManager__cctor_06005e64	0x06005e64	StardewValley.Menus.TutorialManager	.cctor	132	1
0x101e1e270	SDV_StardewValley_Menus_TutorialManager__ctor_06005e65	0x06005e65	StardewValley.Menus.TutorialManager	.ctor	332	1
0x101e1e3bc	SDV_StardewValley_Menus_TutorialManager_resetBools_06005e66	0x06005e66	StardewValley.Menus.TutorialManager	resetBools	72	1
0x101e1e404	SDV_StardewValley_Menus_TutorialManager_stopTutorialsTemporarily_06005e67	0x06005e67	StardewValley.Menus.TutorialManager	stopTutorialsTemporarily	160	2
0x101e1e4b8	SDV_StardewValley_Menus_TutorialManager_showTutorials_06005e68	0x06005e68	StardewValley.Menus.TutorialManager	showTutorials	172	1
0x101e1e564	SDV_StardewValley_Menus_TutorialManager_isInDialogBounds_06005e69	0x06005e69	StardewValley.Menus.TutorialManager	isInDialogBounds	204	1
0x101e1e644	SDV_StardewValley_Menus_TutorialManager_Register_06005e6a	0x06005e6a	StardewValley.Menus.TutorialManager	Register	720	3
0x101e1e944	SDV_StardewValley_Menus_TutorialManager_GetTutorial_06005e6b	0x06005e6b	StardewValley.Menus.TutorialManager	GetTutorial	196	4
0x101e1ea40	SDV_StardewValley_Menus_TutorialManager_get_gamePadHasBeenUsed_06005e6c	0x06005e6c	StardewValley.Menus.TutorialManager	get_gamePadHasBeenUsed	16	1
0x101e1ea64	SDV_StardewValley_Menus_TutorialManager_set_gamePadHasBeenUsed_06005e6d	0x06005e6d	StardewValley.Menus.TutorialManager	set_gamePadHasBeenUsed	116	1
0x101e1ead8	SDV_StardewValley_Menus_TutorialManager_hasTutorialBeenShown_06005e6e	0x06005e6e	StardewValley.Menus.TutorialManager	hasTutorialBeenShown	92	1
0x101e1eb48	SDV_StardewValley_Menus_TutorialManager_loadCompletedTutorials_06005e6f	0x06005e6f	StardewValley.Menus.TutorialManager	loadCompletedTutorials	532	3
0x101e1ed7c	SDV_StardewValley_Menus_TutorialManager_getCompletedTutorialsList_06005e70	0x06005e70	StardewValley.Menus.TutorialManager	getCompletedTutorialsList	476	2
0x101e1ef64	SDV_StardewValley_Menus_TutorialManager_isTutorialComplete_06005e71	0x06005e71	StardewValley.Menus.TutorialManager	isTutorialComplete	92	1
0x101e1efd4	SDV_StardewValley_Menus_TutorialManager_completeAllTutorials_06005e72	0x06005e72	StardewValley.Menus.TutorialManager	completeAllTutorials	328	5
0x101e1f14c	SDV_StardewValley_Menus_TutorialManager_completeAllBasicTutorials_06005e73	0x06005e73	StardewValley.Menus.TutorialManager	completeAllBasicTutorials	112	1
0x101e1f1bc	SDV_StardewValley_Menus_TutorialManager_completeTutorial_06005e74	0x06005e74	StardewValley.Menus.TutorialManager	completeTutorial	400	1
0x101e1f384	SDV_StardewValley_Menus_TutorialManager_dontAllowExit_06005e75	0x06005e75	StardewValley.Menus.TutorialManager	dontAllowExit	80	1
0x101e1f3e8	SDV_StardewValley_Menus_TutorialManager_checkPrerequisites_06005e76	0x06005e76	StardewValley.Menus.TutorialManager	checkPrerequisites	372	2
0x101e1f580	SDV_StardewValley_Menus_TutorialManager_checkIgnores_06005e77	0x06005e77	StardewValley.Menus.TutorialManager	checkIgnores	372	2
0x101e1f718	SDV_StardewValley_Menus_TutorialManager_HandleAttackDialogueResponse_06005e78	0x06005e78	StardewValley.Menus.TutorialManager	HandleAttackDialogueResponse	304	3
0x101e1f884	SDV_StardewValley_Menus_TutorialManager_FilterLocationName_06005e79	0x06005e79	StardewValley.Menus.TutorialManager	FilterLocationName	688	4
0x101e1fb58	SDV_StardewValley_Menus_TutorialManager_GetAllNpcsFromLocations_06005e7a	0x06005e7a	StardewValley.Menus.TutorialManager	GetAllNpcsFromLocations	928	5
0x100123100	SDV_StardewValley_Menus_TutorialManager_DefaultPositionString_06005e7b	0x06005e7b	StardewValley.Menus.TutorialManager	DefaultPositionString	400	3
0x1001232f0	SDV_StardewValley_Menus_TutorialManager_ChangeLocation_06005e7c	0x06005e7c	StardewValley.Menus.TutorialManager	ChangeLocation	1552	3
0x101e1ff18	SDV_StardewValley_Menus_TutorialManager_HandleChallengeDialogueResponse_06005e7d	0x06005e7d	StardewValley.Menus.TutorialManager	HandleChallengeDialogueResponse	1900	6
0x101e206f0	SDV_StardewValley_Menus_TutorialManager_releaseLeftClick_06005e7e	0x06005e7e	StardewValley.Menus.TutorialManager	releaseLeftClick	332	2
0x101e2086c	SDV_StardewValley_Menus_TutorialManager_leftClickHeld_06005e7f	0x06005e7f	StardewValley.Menus.TutorialManager	leftClickHeld	252	1
0x101e20988	SDV_StardewValley_Menus_TutorialManager_receiveLeftClick_06005e80	0x06005e80	StardewValley.Menus.TutorialManager	receiveLeftClick	296	1
0x101e20ac8	SDV_StardewValley_Menus_TutorialManager_ShouldExitTutorial_06005e81	0x06005e81	StardewValley.Menus.TutorialManager	ShouldExitTutorial	372	1
0x101e20c5c	SDV_StardewValley_Menus_TutorialManager_StartLinkedChallengeCheck_06005e82	0x06005e82	StardewValley.Menus.TutorialManager	StartLinkedChallengeCheck	812	2
0x100123960	SDV_StardewValley_Menus_TutorialManager_update_06005e83	0x06005e83	StardewValley.Menus.TutorialManager	update	1208	3
0x101e20fb8	SDV_StardewValley_Menus_TutorialManager_draw_06005e84	0x06005e84	StardewValley.Menus.TutorialManager	draw	112	1
0x101e2103c	SDV_StardewValley_Menus_TutorialManager_drawUI_06005e85	0x06005e85	StardewValley.Menus.TutorialManager	drawUI	360	2
0x101e211ac	SDV_StardewValley_Menus_TutorialManager_drawButtonHands_06005e86	0x06005e86	StardewValley.Menus.TutorialManager	drawButtonHands	104	1
0x101e21228	SDV_StardewValley_Menus_TutorialManager_receiveRightClick_06005e87	0x06005e87	StardewValley.Menus.TutorialManager	receiveRightClick	4	1
0x101e2122c	SDV_StardewValley_Menus_TutorialManager_initializeStartTutorials_06005e88	0x06005e88	StardewValley.Menus.TutorialManager	initializeStartTutorials	772	4
0x101e21550	SDV_StardewValley_Menus_TutorialManager_initializeTutorials_06005e89	0x06005e89	StardewValley.Menus.TutorialManager	initializeTutorials	5312	8
0x101e22a7c	SDV_StardewValley_Menus_TutorialManager_TestForHoeSelected_06005e8a	0x06005e8a	StardewValley.Menus.TutorialManager	TestForHoeSelected	236	2
0x101e22b74	SDV_StardewValley_Menus_TutorialManager_CheckTapAndHold_06005e8b	0x06005e8b	StardewValley.Menus.TutorialManager	CheckTapAndHold	124	1
0x101e22c04	SDV_StardewValley_Menus_TutorialManager_SeenShop_06005e8c	0x06005e8c	StardewValley.Menus.TutorialManager	SeenShop	272	3
0x101e22d2c	SDV_StardewValley_Menus_TutorialManager_shouldShowAttackDialog_06005e8d	0x06005e8d	StardewValley.Menus.TutorialManager	shouldShowAttackDialog	164	1
0x101e22de4	SDV_StardewValley_Menus_TutorialManager_shouldShowChallengeDialog_06005e8e	0x06005e8e	StardewValley.Menus.TutorialManager	shouldShowChallengeDialog	164	1
0x101e22e9c	SDV_StardewValley_Menus_TutorialManager_receiveGamePadButton_06005e8f	0x06005e8f	StardewValley.Menus.TutorialManager	receiveGamePadButton	168	1
0x101e22f64	SDV_StardewValley_Menus_TutorialManager_triggerAttackChoice_06005e90	0x06005e90	StardewValley.Menus.TutorialManager	triggerAttackChoice	784	2
0x101e2327c	SDV_StardewValley_Menus_TutorialManager_ChallengeChoiceCheck_06005e91	0x06005e91	StardewValley.Menus.TutorialManager	ChallengeChoiceCheck	504	3
0x101e238d0	SDV_StardewValley_Menus_TutorialManager_get_ShowingDialogueBox_06005e92	0x06005e92	StardewValley.Menus.TutorialManager	get_ShowingDialogueBox	72	1
0x101e2392c	SDV_StardewValley_Menus_TutorialManager_get_ShowingQuestion_06005e93	0x06005e93	StardewValley.Menus.TutorialManager	get_ShowingQuestion	76	1
0x101e2398c	SDV_StardewValley_Menus_TutorialManager_SaleTutorialCheck_06005e94	0x06005e94	StardewValley.Menus.TutorialManager	SaleTutorialCheck	116	1
0x101e23a14	SDV_StardewValley_Menus_TutorialManager_MeleeWeaponCheck_06005e95	0x06005e95	StardewValley.Menus.TutorialManager	MeleeWeaponCheck	128	1
0x101e23aa8	SDV_StardewValley_Menus_TutorialManager_TapLeaveHouseCheck_06005e96	0x06005e96	StardewValley.Menus.TutorialManager	TapLeaveHouseCheck	248	2
0x101e23ba8	SDV_StardewValley_Menus_TutorialManager_DummyInteractShopCheck_06005e97	0x06005e97	StardewValley.Menus.TutorialManager	DummyInteractShopCheck	292	1
0x101e23cec	SDV_StardewValley_Menus_tweeningSprite__ctor_06005e98	0x06005e98	StardewValley.Menus.tweeningSprite	.ctor	424	1
0x101e23e94	SDV_StardewValley_Menus_tweeningSprite_setUp_06005e99	0x06005e99	StardewValley.Menus.tweeningSprite	setUp	568	2
0x101e240d8	SDV_StardewValley_Menus_tweeningSprite_setUp_06005e9a	0x06005e9a	StardewValley.Menus.tweeningSprite	setUp	320	1
0x101e2422c	SDV_StardewValley_Menus_tweeningSprite_resetVector_06005e9b	0x06005e9b	StardewValley.Menus.tweeningSprite	resetVector	228	2
0x101e2431c	SDV_StardewValley_Menus_tweeningSprite_start_06005e9c	0x06005e9c	StardewValley.Menus.tweeningSprite	start	200	1
0x101e243e4	SDV_StardewValley_Menus_tweeningSprite_stop_06005e9d	0x06005e9d	StardewValley.Menus.tweeningSprite	stop	124	1
0x101e24474	SDV_StardewValley_Menus_tweeningSprite_update_06005e9e	0x06005e9e	StardewValley.Menus.tweeningSprite	update	572	2
0x101e246c8	SDV_StardewValley_Menus_tweeningSprite_draw_06005e9f	0x06005e9f	StardewValley.Menus.tweeningSprite	draw	320	2
0x101e60280	SDV_StardewValley_Menus_CloudSyncMenu__ctor_06006023	0x06006023	StardewValley.Menus.CloudSyncMenu	.ctor	232	1
0x101e60368	SDV_StardewValley_Menus_CloudSyncMenu_SetupButtons_06006024	0x06006024	StardewValley.Menus.CloudSyncMenu	SetupButtons	680	2
0x101e6061c	SDV_StardewValley_Menus_CloudSyncMenu_snapToDefaultClickableComponent_06006025	0x06006025	StardewValley.Menus.CloudSyncMenu	snapToDefaultClickableComponent	132	1
0x101e606a0	SDV_StardewValley_Menus_CloudSyncMenu_receiveLeftClick_06006026	0x06006026	StardewValley.Menus.CloudSyncMenu	receiveLeftClick	460	4
0x101e60884	SDV_StardewValley_Menus_CloudSyncMenu_performHoverAction_06006027	0x06006027	StardewValley.Menus.CloudSyncMenu	performHoverAction	4	1
0x101e60888	SDV_StardewValley_Menus_CloudSyncMenu_receiveRightClick_06006028	0x06006028	StardewValley.Menus.CloudSyncMenu	receiveRightClick	4	1
0x101e6088c	SDV_StardewValley_Menus_CloudSyncMenu_draw_06006029	0x06006029	StardewValley.Menus.CloudSyncMenu	draw	3200	7
0x101e61594	SDV_StardewValley_Menus_CloudSyncMenu_readyToClose_0600602a	0x0600602a	StardewValley.Menus.CloudSyncMenu	readyToClose	8	1
0x101e6159c	SDV_StardewValley_Menus_CloudSyncMenu_gameWindowSizeChanged_0600602b	0x0600602b	StardewValley.Menus.CloudSyncMenu	gameWindowSizeChanged	112	1
0x101ecd9e4	SDV_StardewValley_Menus_TransferredItemSprite__ctor_06006224	0x06006224	StardewValley.Menus.TransferredItemSprite	.ctor	112	1
0x101ecda54	SDV_StardewValley_Menus_TransferredItemSprite_Update_06006225	0x06006225	StardewValley.Menus.TransferredItemSprite	Update	168	2
0x101ecdb04	SDV_StardewValley_Menus_TransferredItemSprite_Draw_06006226	0x06006226	StardewValley.Menus.TransferredItemSprite	Draw	156	1
0x101fefc44	SDV_StardewValley_CloudSync_SaveRecord__ctor_06006921	0x06006921	StardewValley.CloudSync+SaveRecord	.ctor	4	1
0x101fefc48	SDV_StardewValley_CloudSync_SaveConflict__ctor_06006922	0x06006922	StardewValley.CloudSync+SaveConflict	.ctor	4	1
0x101fefc4c	SDV_StardewValley_CloudSync___c__DisplayClass29_0__ctor_06006923	0x06006923	StardewValley.CloudSync+<>c__DisplayClass29_0	.ctor	4	1
0x101fefc50	SDV_StardewValley_CloudSync___c__DisplayClass29_0__ShowConflictBox_b__0_06006924	0x06006924	StardewValley.CloudSync+<>c__DisplayClass29_0	<ShowConflictBox>b__0	116	2
0x101fefcd0	SDV_StardewValley_CloudSync___c__DisplayClass29_0__ShowConflictBox_b__1_06006925	0x06006925	StardewValley.CloudSync+<>c__DisplayClass29_0	<ShowConflictBox>b__1	116	2
0x101fefd50	SDV_StardewValley_CloudSync___c__DisplayClass29_0__ShowConflictBox_b__2_06006926	0x06006926	StardewValley.CloudSync+<>c__DisplayClass29_0	<ShowConflictBox>b__2	88	2
0x101fefdb4	SDV_StardewValley_CloudSync___c__DisplayClass29_0__ShowConflictBox_b__3_06006927	0x06006927	StardewValley.CloudSync+<>c__DisplayClass29_0	<ShowConflictBox>b__3	332	1
0x101feff00	SDV_StardewValley_CloudSync___c__DisplayClass31_0__ctor_06006928	0x06006928	StardewValley.CloudSync+<>c__DisplayClass31_0	.ctor	4	1
0x101feff04	SDV_StardewValley_CloudSync___c__DisplayClass31_0__GatherSyncOps_b__0_06006929	0x06006929	StardewValley.CloudSync+<>c__DisplayClass31_0	<GatherSyncOps>b__0	108	2
0x101feff7c	SDV_StardewValley_CloudSync___c__DisplayClass35_0__ctor_0600692a	0x0600692a	StardewValley.CloudSync+<>c__DisplayClass35_0	.ctor	4	1
0x101feff80	SDV_StardewValley_CloudSync___c__DisplayClass35_0__UploadToCloud_b__0_0600692b	0x0600692b	StardewValley.CloudSync+<>c__DisplayClass35_0	<UploadToCloud>b__0	64	1
0x101feffc0	SDV_StardewValley_CloudSync___c__DisplayClass35_1__ctor_0600692c	0x0600692c	StardewValley.CloudSync+<>c__DisplayClass35_1	.ctor	4	1
0x101feffc4	SDV_StardewValley_CloudSync___c__DisplayClass35_1__UploadToCloud_b__1_0600692d	0x0600692d	StardewValley.CloudSync+<>c__DisplayClass35_1	<UploadToCloud>b__1	380	2
0x101ff0158	SDV_StardewValley_CloudSync___c__DisplayClass35_2__ctor_0600692e	0x0600692e	StardewValley.CloudSync+<>c__DisplayClass35_2	.ctor	4	1
0x101ff015c	SDV_StardewValley_CloudSync___c__DisplayClass35_2__UploadToCloud_b__2_0600692f	0x0600692f	StardewValley.CloudSync+<>c__DisplayClass35_2	<UploadToCloud>b__2	496	3
0x101ff0370	SDV_StardewValley_CloudSync___c__DisplayClass38_0__ctor_06006930	0x06006930	StardewValley.CloudSync+<>c__DisplayClass38_0	.ctor	4	1
0x101ff0374	SDV_StardewValley_CloudSync___c__DisplayClass38_0__DownloadCloudSave_b__0_06006931	0x06006931	StardewValley.CloudSync+<>c__DisplayClass38_0	<DownloadCloudSave>b__0	64	1
0x101ff03b4	SDV_StardewValley_CloudSync___c__DisplayClass38_1__ctor_06006932	0x06006932	StardewValley.CloudSync+<>c__DisplayClass38_1	.ctor	4	1
0x101ff03b8	SDV_StardewValley_CloudSync___c__DisplayClass38_1__DownloadCloudSave_b__1_06006933	0x06006933	StardewValley.CloudSync+<>c__DisplayClass38_1	<DownloadCloudSave>b__1	356	2
0x101ff0528	SDV_StardewValley_CloudSync___c__DisplayClass42_0__ctor_06006934	0x06006934	StardewValley.CloudSync+<>c__DisplayClass42_0	.ctor	4	1
0x101ff052c	SDV_StardewValley_CloudSync___c__DisplayClass42_0__QureryCloudSaves_b__0_06006935	0x06006935	StardewValley.CloudSync+<>c__DisplayClass42_0	<QureryCloudSaves>b__0	444	2
0x101ff06f4	SDV_StardewValley_CloudSync___c__DisplayClass42_1__ctor_06006936	0x06006936	StardewValley.CloudSync+<>c__DisplayClass42_1	.ctor	4	1
0x101ff06f8	SDV_StardewValley_CloudSync___c__DisplayClass42_1__QureryCloudSaves_b__1_06006937	0x06006937	StardewValley.CloudSync+<>c__DisplayClass42_1	<QureryCloudSaves>b__1	400	2
0x101ff0894	SDV_StardewValley_CloudSync___c__DisplayClass43_0__ctor_06006938	0x06006938	StardewValley.CloudSync+<>c__DisplayClass43_0	.ctor	4	1
0x101ff0898	SDV_StardewValley_CloudSync___c__DisplayClass43_0__DeleteCloudSaves_b__0_06006939	0x06006939	StardewValley.CloudSync+<>c__DisplayClass43_0	<DeleteCloudSaves>b__0	444	2
0x102056354	SDV_StardewValley_Util_CloneExtensions_ReferenceComparer_Equals_06006e54	0x06006e54	StardewValley.Util.CloneExtensions+ReferenceComparer	Equals	12	1
0x102056360	SDV_StardewValley_Util_CloneExtensions_ReferenceComparer_GetHashCode_06006e55	0x06006e55	StardewValley.Util.CloneExtensions+ReferenceComparer	GetHashCode	76	1
0x1020563ac	SDV_StardewValley_Util_CloneExtensions_ReferenceComparer__ctor_06006e56	0x06006e56	StardewValley.Util.CloneExtensions+ReferenceComparer	.ctor	4	1
0x1020563b0	SDV_StardewValley_Util_CloneExtensions_ArrayTraverse__ctor_06006e57	0x06006e57	StardewValley.Util.CloneExtensions+ArrayTraverse	.ctor	356	2
0x102056528	SDV_StardewValley_Util_CloneExtensions_ArrayTraverse_Step_06006e58	0x06006e58	StardewValley.Util.CloneExtensions+ArrayTraverse	Step	356	5
0x1020566b8	SDV_StardewValley_Util_CloneExtensions___c__cctor_06006e59	0x06006e59	StardewValley.Util.CloneExtensions+<>c	.cctor	112	1
0x102056728	SDV_StardewValley_Util_CloneExtensions___c__ctor_06006e5a	0x06006e5a	StardewValley.Util.CloneExtensions+<>c	.ctor	56	1
0x102056760	SDV_StardewValley_Util_CloneExtensions___c__RecursiveCopyBaseTypePrivateFields_b__6_0_06006e5b	0x06006e5b	StardewValley.Util.CloneExtensions+<>c	<RecursiveCopyBaseTypePrivateFields>b__6_0	80	1
0x1020567b0	SDV_StardewValley_Util_CloneExtensions___c__DisplayClass5_0__ctor_06006e5c	0x06006e5c	StardewValley.Util.CloneExtensions+<>c__DisplayClass5_0	.ctor	4	1
0x1020567b4	SDV_StardewValley_Util_CloneExtensions___c__DisplayClass5_0__InternalCopy_b__0_06006e5d	0x06006e5d	StardewValley.Util.CloneExtensions+<>c__DisplayClass5_0	<InternalCopy>b__0	144	2
0x1020694d8	SDV_StardewValley_Network_LoopbackServer___c__cctor_06006f92	0x06006f92	StardewValley.Network.LoopbackServer+<>c	.cctor	112	1
0x102069548	SDV_StardewValley_Network_LoopbackServer___c__ctor_06006f93	0x06006f93	StardewValley.Network.LoopbackServer+<>c	.ctor	56	1
0x102069580	SDV_StardewValley_Network_LoopbackServer___c__receiveMessages_b__27_1_06006f94	0x06006f94	StardewValley.Network.LoopbackServer+<>c	<receiveMessages>b__27_1	52	1
0x1020695b4	SDV_StardewValley_Network_LoopbackServer___c__DisplayClass27_0__ctor_06006f95	0x06006f95	StardewValley.Network.LoopbackServer+<>c__DisplayClass27_0	.ctor	4	1
0x1020695b8	SDV_StardewValley_Network_LoopbackServer___c__DisplayClass27_0__receiveMessages_b__0_06006f96	0x06006f96	StardewValley.Network.LoopbackServer+<>c__DisplayClass27_0	<receiveMessages>b__0	324	2
0x102069708	SDV_StardewValley_Network_LoopbackServer___c__DisplayClass27_0__receiveMessages_b__2_06006f97	0x06006f97	StardewValley.Network.LoopbackServer+<>c__DisplayClass27_0	<receiveMessages>b__2	112	1
0x102069778	SDV_StardewValley_Network_LoopbackServer___c__DisplayClass30_0__ctor_06006f98	0x06006f98	StardewValley.Network.LoopbackServer+<>c__DisplayClass30_0	.ctor	4	1
0x10206977c	SDV_StardewValley_Network_LoopbackServer___c__DisplayClass30_0__parseDataMessageFromClient_b__0_06006f99	0x06006f99	StardewValley.Network.LoopbackServer+<>c__DisplayClass30_0	<parseDataMessageFromClient>b__0	112	1
0x1020697ec	SDV_StardewValley_Network_LoopbackServer___c__DisplayClass30_1__ctor_06006f9a	0x06006f9a	StardewValley.Network.LoopbackServer+<>c__DisplayClass30_1	.ctor	4	1
0x1020697f0	SDV_StardewValley_Network_LoopbackServer___c__DisplayClass30_1__parseDataMessageFromClient_b__1_06006f9b	0x06006f9b	StardewValley.Network.LoopbackServer+<>c__DisplayClass30_1	<parseDataMessageFromClient>b__1	196	3
0x1020a6908	SDV_StardewValley_Menus_CoopGameMenu_CoopGameMenuSlot__ctor_060072c0	0x060072c0	StardewValley.Menus.CoopGameMenu+CoopGameMenuSlot	.ctor	116	1
0x1020a697c	SDV_StardewValley_Menus_CoopGameMenu_LabeledSlot__ctor_060072c1	0x060072c1	StardewValley.Menus.CoopGameMenu+LabeledSlot	.ctor	128	1
0x1020a69fc	SDV_StardewValley_Menus_CoopGameMenu_LabeledSlot_Draw_060072c3	0x060072c3	StardewValley.Menus.CoopGameMenu+LabeledSlot	Draw	360	3
0x1020a6b94	SDV_StardewValley_Menus_CoopGameMenu_LanSlot__ctor_060072c4	0x060072c4	StardewValley.Menus.CoopGameMenu+LanSlot	.ctor	192	1
0x1020a6c54	SDV_StardewValley_Menus_CoopGameMenu_LanSlot_Activate_060072c5	0x060072c5	StardewValley.Menus.CoopGameMenu+LanSlot	Activate	84	2
0x1020a6cb4	SDV_StardewValley_Menus_CoopGameMenu_InviteCodeSlot__ctor_060072c6	0x060072c6	StardewValley.Menus.CoopGameMenu+InviteCodeSlot	.ctor	192	1
0x1020a6d74	SDV_StardewValley_Menus_CoopGameMenu_InviteCodeSlot_Activate_060072c7	0x060072c7	StardewValley.Menus.CoopGameMenu+InviteCodeSlot	Activate	84	2
0x1020a6dd4	SDV_StardewValley_Menus_CoopGameMenu_HostNewFarmSlot__ctor_060072c8	0x060072c8	StardewValley.Menus.CoopGameMenu+HostNewFarmSlot	.ctor	216	1
0x1020a6eac	SDV_StardewValley_Menus_CoopGameMenu_HostNewFarmSlot_Activate_060072c9	0x060072c9	StardewValley.Menus.CoopGameMenu+HostNewFarmSlot	Activate	164	1
0x1020a6f50	SDV_StardewValley_Menus_CoopGameMenu_HostFileSlot__ctor_060072ca	0x060072ca	StardewValley.Menus.CoopGameMenu+HostFileSlot	.ctor	136	1
0x1020a6fd8	SDV_StardewValley_Menus_CoopGameMenu_HostFileSlot_Activate_060072cb	0x060072cb	StardewValley.Menus.CoopGameMenu+HostFileSlot	Activate	140	1
0x1020a7064	SDV_StardewValley_Menus_CoopGameMenu_HostFileSlot_drawSlotSaveNumber_060072cc	0x060072cc	StardewValley.Menus.CoopGameMenu+HostFileSlot	drawSlotSaveNumber	4	1
0x1020a7068	SDV_StardewValley_Menus_CoopGameMenu_HostFileSlot_slotName_060072cd	0x060072cd	StardewValley.Menus.CoopGameMenu+HostFileSlot	slotName	228	2
0x1020a7164	SDV_StardewValley_Menus_CoopGameMenu_HostFileSlot_slotSubName_060072ce	0x060072ce	StardewValley.Menus.CoopGameMenu+HostFileSlot	slotSubName	24	1
0x1020a71a8	SDV_StardewValley_Menus_CoopGameMenu_HostFileSlot_portraitOffset_060072cf	0x060072cf	StardewValley.Menus.CoopGameMenu+HostFileSlot	portraitOffset	60	1
0x1020a71e4	SDV_StardewValley_Menus_CoopGameMenu_FriendFarmData__ctor_060072d0	0x060072d0	StardewValley.Menus.CoopGameMenu+FriendFarmData	.ctor	4	1
0x1020a71e8	SDV_StardewValley_Menus_CoopGameMenu_FriendFarmSlot__ctor_060072d1	0x060072d1	StardewValley.Menus.CoopGameMenu+FriendFarmSlot	.ctor	128	1
0x1020a7268	SDV_StardewValley_Menus_CoopGameMenu_FriendFarmSlot_MatchAddress_060072d2	0x060072d2	StardewValley.Menus.CoopGameMenu+FriendFarmSlot	MatchAddress	72	1
0x1020a72d0	SDV_StardewValley_Menus_CoopGameMenu_FriendFarmSlot_Update_060072d3	0x060072d3	StardewValley.Menus.CoopGameMenu+FriendFarmSlot	Update	64	1
0x1020a7310	SDV_StardewValley_Menus_CoopGameMenu_FriendFarmSlot_Activate_060072d4	0x060072d4	StardewValley.Menus.CoopGameMenu+FriendFarmSlot	Activate	260	3
0x1020a7428	SDV_StardewValley_Menus_CoopGameMenu_FriendFarmSlot_slotName_060072d5	0x060072d5	StardewValley.Menus.CoopGameMenu+FriendFarmSlot	slotName	224	3
0x1020a751c	SDV_StardewValley_Menus_CoopGameMenu_FriendFarmSlot_drawSlotName_060072d6	0x060072d6	StardewValley.Menus.CoopGameMenu+FriendFarmSlot	drawSlotName	332	3
0x1020a7698	SDV_StardewValley_Menus_CoopGameMenu_FriendFarmSlot_drawSlotDate_060072d7	0x060072d7	StardewValley.Menus.CoopGameMenu+FriendFarmSlot	drawSlotDate	368	5
0x1020a7844	SDV_StardewValley_Menus_CoopGameMenu_FriendFarmSlot_drawSlotFarm_060072d8	0x060072d8	StardewValley.Menus.CoopGameMenu+FriendFarmSlot	drawSlotFarm	488	3
0x1020a7a68	SDV_StardewValley_Menus_CoopGameMenu_FriendFarmSlot_drawSlotOwnerName_060072d9	0x060072d9	StardewValley.Menus.CoopGameMenu+FriendFarmSlot	drawSlotOwnerName	524	4
0x1020a7cc8	SDV_StardewValley_Menus_CoopGameMenu_FriendFarmSlot_Draw_060072da	0x060072da	StardewValley.Menus.CoopGameMenu+FriendFarmSlot	Draw	164	1
0x1020a7d80	SDV_StardewValley_Menus_CoopGameMenu_LobbyUpdateCallback__ctor_060072db	0x060072db	StardewValley.Menus.CoopGameMenu+LobbyUpdateCallback	.ctor	64	1
0x1020a7dc0	SDV_StardewValley_Menus_CoopGameMenu_LobbyUpdateCallback_OnLobbyUpdate_060072dc	0x060072dc	StardewValley.Menus.CoopGameMenu+LobbyUpdateCallback	OnLobbyUpdate	76	1
0x1020a7e20	SDV_StardewValley_Menus_CoopGameMenu___c__cctor_060072dd	0x060072dd	StardewValley.Menus.CoopGameMenu+<>c	.cctor	112	1
0x1020a7e90	SDV_StardewValley_Menus_CoopGameMenu___c__ctor_060072de	0x060072de	StardewValley.Menus.CoopGameMenu+<>c	.ctor	56	1
0x1020a7ec8	SDV_StardewValley_Menus_CoopGameMenu___c__addSaveFiles_b__36_0_060072df	0x060072df	StardewValley.Menus.CoopGameMenu+<>c	<addSaveFiles>b__36_0	16	1
0x1020a8200	SDV_StardewValley_Menus_MobileCustomizer___c__cctor_060072e5	0x060072e5	StardewValley.Menus.MobileCustomizer+<>c	.cctor	112	1
0x1020a8270	SDV_StardewValley_Menus_MobileCustomizer___c__ctor_060072e6	0x060072e6	StardewValley.Menus.MobileCustomizer+<>c	.ctor	56	1
0x1020a82a8	SDV_StardewValley_Menus_MobileCustomizer___c___ctor_b__105_6_060072e7	0x060072e7	StardewValley.Menus.MobileCustomizer+<>c	<.ctor>b__105_6	92	1
0x1020a8318	SDV_StardewValley_Menus_MobileCustomizer___c___ctor_b__105_7_060072e8	0x060072e8	StardewValley.Menus.MobileCustomizer+<>c	<.ctor>b__105_7	92	1
0x1020a8388	SDV_StardewValley_Menus_MobileCustomizer___c__GetValidPantsIds_b__129_0_060072e9	0x060072e9	StardewValley.Menus.MobileCustomizer+<>c	<GetValidPantsIds>b__129_0	16	1
0x1020a83ac	SDV_StardewValley_Menus_MobileCustomizer___c__GetValidShirtIds_b__130_0_060072ea	0x060072ea	StardewValley.Menus.MobileCustomizer+<>c	<GetValidShirtIds>b__130_0	16	1
0x1020a83d0	SDV_StardewValley_Menus_MobileCustomizer___c__DisplayClass125_0__ctor_060072eb	0x060072eb	StardewValley.Menus.MobileCustomizer+<>c__DisplayClass125_0	.ctor	4	1
0x1020a83d4	SDV_StardewValley_Menus_MobileCustomizer___c__DisplayClass125_0__ShowAdvancedOptions_b__0_060072ec	0x060072ec	StardewValley.Menus.MobileCustomizer+<>c__DisplayClass125_0	<ShowAdvancedOptions>b__0	84	1
0x1020a8448	SDV_StardewValley_Menus_TutorialManager___c__DisplayClass64_0__ctor_060072ed	0x060072ed	StardewValley.Menus.TutorialManager+<>c__DisplayClass64_0	.ctor	4	1
0x1020a844c	SDV_StardewValley_Menus_TutorialManager___c__DisplayClass64_0__HandleChallengeDialogueResponse_b__0_060072ee	0x060072ee	StardewValley.Menus.TutorialManager+<>c__DisplayClass64_0	<HandleChallengeDialogueResponse>b__0	284	3
