0x101fc84fc	SDV_StardewValley_Mobile_TapToMoveUtils_get_gameLocation_060066cb	0x060066cb	StardewValley.Mobile.TapToMoveUtils	get_gameLocation
0x101fc85dc	SDV_StardewValley_Mobile_TapToMoveUtils_get_inMiniGameWhereWeDontWantTaps_060066cc	0x060066cc	StardewValley.Mobile.TapToMoveUtils	get_inMiniGameWhereWeDontWantTaps
0x101fc8764	SDV_StardewValley_Mobile_TapToMoveUtils_ContainsTravellingCart_060066cd	0x060066cd	StardewValley.Mobile.TapToMoveUtils	ContainsTravellingCart
0x101fc8954	SDV_StardewValley_Mobile_TapToMoveUtils_ContainsTravellingDesertShop_060066ce	0x060066ce	StardewValley.Mobile.TapToMoveUtils	ContainsTravellingDesertShop
0x101fc8a48	SDV_StardewValley_Mobile_TapToMoveUtils_ContainsCinemaDoor_060066cf	0x060066cf	StardewValley.Mobile.TapToMoveUtils	ContainsCinemaDoor
0x101fc8b2c	SDV_StardewValley_Mobile_TapToMoveUtils_ContainsCinemaTicketOffice_060066d0	0x060066d0	StardewValley.Mobile.TapToMoveUtils	ContainsCinemaTicketOffice
0x101fc8c44	SDV_StardewValley_Mobile_TapToMoveUtils_SelectTool_060066d1	0x060066d1	StardewValley.Mobile.TapToMoveUtils	SelectTool
0x101fc8e08	SDV_StardewValley_Mobile_TapToMoveUtils_PlayerHasTool_060066d2	0x060066d2	StardewValley.Mobile.TapToMoveUtils	PlayerHasTool
0x101fc8f98	SDV_StardewValley_Mobile_TapToMoveUtils_getBestAvailableWeapon_060066d3	0x060066d3	StardewValley.Mobile.TapToMoveUtils	getBestAvailableWeapon
0x101fc9280	SDV_StardewValley_Mobile_TapToMoveUtils_FetchItemInInventoryByName_060066d4	0x060066d4	StardewValley.Mobile.TapToMoveUtils	FetchItemInInventoryByName
0x101fc9448	SDV_StardewValley_Mobile_TapToMoveUtils_get_PlayerOffsetPosition_060066d5	0x060066d5	StardewValley.Mobile.TapToMoveUtils	get_PlayerOffsetPosition
0x101fc94e4	SDV_StardewValley_Mobile_TapToMoveUtils_get_PlayerPositionOnScreen_060066d6	0x060066d6	StardewValley.Mobile.TapToMoveUtils	get_PlayerPositionOnScreen
0x101fc95fc	SDV_StardewValley_Mobile_TapToMoveUtils_InWarpRange_060066d7	0x060066d7	StardewValley.Mobile.TapToMoveUtils	InWarpRange
0x101fc9850	SDV_StardewValley_Mobile_TapToMoveUtils_NodeIsWarp_060066d8	0x060066d8	StardewValley.Mobile.TapToMoveUtils	NodeIsWarp
0x101fc9a6c	SDV_StardewValley_Mobile_TapToMoveUtils_WarpIfInRange_060066d9	0x060066d9	StardewValley.Mobile.TapToMoveUtils	WarpIfInRange
0x101fc9e60	SDV_StardewValley_Mobile_TapToMoveUtils_get_WarpRange_060066da	0x060066da	StardewValley.Mobile.TapToMoveUtils	get_WarpRange
0x101fc9f28	SDV_StardewValley_Mobile_TapToMoveUtils_NpcAtWarpOrDoor_060066db	0x060066db	StardewValley.Mobile.TapToMoveUtils	NpcAtWarpOrDoor
0x101fca120	SDV_StardewValley_Mobile_TapToMoveUtils_ConvertWalkDirection_060066dc	0x060066dc	StardewValley.Mobile.TapToMoveUtils	ConvertWalkDirection
0x101fca144	SDV_StardewValley_Mobile_TapToMoveUtils_WalkDirectionForAngle_060066dd	0x060066dd	StardewValley.Mobile.TapToMoveUtils	WalkDirectionForAngle
0x101fca258	SDV_StardewValley_Mobile_TapToMoveUtils_WalkDirectionForAngleJustDiagonals_060066de	0x060066de	StardewValley.Mobile.TapToMoveUtils	WalkDirectionForAngleJustDiagonals
0x101fca2c0	SDV_StardewValley_Mobile_TapToMoveUtils_FaceDirectionForAngle_060066df	0x060066df	StardewValley.Mobile.TapToMoveUtils	FaceDirectionForAngle
0x101fca330	SDV_StardewValley_Mobile_TapToMoveUtils_WalkDirectionsAgree_060066e0	0x060066e0	StardewValley.Mobile.TapToMoveUtils	WalkDirectionsAgree
0x101fca3e4	SDV_StardewValley_Mobile_TapToMoveUtils_ItemCanBePlaced_060066e1	0x060066e1	StardewValley.Mobile.TapToMoveUtils	ItemCanBePlaced
0x101fca9d8	SDV_StardewValley_Mobile_TapToMoveUtils_NodeContainsFurniture_060066e2	0x060066e2	StardewValley.Mobile.TapToMoveUtils	NodeContainsFurniture
0x101fcac14	SDV_StardewValley_Mobile_TapToMoveUtils_NodeContainsMusicBlock_060066e3	0x060066e3	StardewValley.Mobile.TapToMoveUtils	NodeContainsMusicBlock
0x101fcad68	SDV_StardewValley_Mobile_TapToMoveUtils_GetFurnitureClickedOn_060066e4	0x060066e4	StardewValley.Mobile.TapToMoveUtils	GetFurnitureClickedOn
0x101fcb184	SDV_StardewValley_Mobile_TapToMoveUtils_NodeContainsHousePlant_060066e5	0x060066e5	StardewValley.Mobile.TapToMoveUtils	NodeContainsHousePlant
0x101fcb268	SDV_StardewValley_Mobile_TapToMoveUtils_GetHousePlant_060066e6	0x060066e6	StardewValley.Mobile.TapToMoveUtils	GetHousePlant
0x101fcb350	SDV_StardewValley_Mobile_TapToMoveUtils_HoeSelectedAndTileHoeable_060066e7	0x060066e7	StardewValley.Mobile.TapToMoveUtils	HoeSelectedAndTileHoeable
0x101fcb4d4	SDV_StardewValley_Mobile_TapToMoveUtils_IsOreAt_060066e8	0x060066e8	StardewValley.Mobile.TapToMoveUtils	IsOreAt
0x101fcb604	SDV_StardewValley_Mobile_TapToMoveUtils_isOnOrNearSuspensionBridge_060066e9	0x060066e9	StardewValley.Mobile.TapToMoveUtils	isOnOrNearSuspensionBridge
0x101fcb698	SDV_StardewValley_Mobile_TapToMoveUtils_IsIslandNorthSuspensionBridgeRightSide_060066ea	0x060066ea	StardewValley.Mobile.TapToMoveUtils	IsIslandNorthSuspensionBridgeRightSide
0x101fcb6cc	SDV_StardewValley_Mobile_TapToMoveUtils_getPathOnIslandNorthBridge_060066eb	0x060066eb	StardewValley.Mobile.TapToMoveUtils	getPathOnIslandNorthBridge
0x101fcbb7c	SDV_StardewValley_Mobile_TapToMoveUtils_IsWater_060066ec	0x060066ec	StardewValley.Mobile.TapToMoveUtils	IsWater
0x101fcbdd8	SDV_StardewValley_Mobile_TapToMoveUtils_IsBuildingPassable_060066ed	0x060066ed	StardewValley.Mobile.TapToMoveUtils	IsBuildingPassable
0x101fcbff8	SDV_StardewValley_Mobile_TapToMoveUtils_IsTilePassable_060066ee	0x060066ee	StardewValley.Mobile.TapToMoveUtils	IsTilePassable
0x101fcc490	SDV_StardewValley_Mobile_TapToMoveUtils_IsWateringCanFillingSource_060066ef	0x060066ef	StardewValley.Mobile.TapToMoveUtils	IsWateringCanFillingSource
0x101fcc7b0	SDV_StardewValley_Mobile_TapToMoveUtils_IsMatureTreeStumpOrBoulderAt_060066f0	0x060066f0	StardewValley.Mobile.TapToMoveUtils	IsMatureTreeStumpOrBoulderAt
0x101fcc848	SDV_StardewValley_Mobile_TapToMoveUtils_IsTreeStumpOrBoulderAt_060066f1	0x060066f1	StardewValley.Mobile.TapToMoveUtils	IsTreeStumpOrBoulderAt
0x101fcc8cc	SDV_StardewValley_Mobile_TapToMoveUtils_TreeGrowthStage_060066f2	0x060066f2	StardewValley.Mobile.TapToMoveUtils	TreeGrowthStage
0x101fcc91c	SDV_StardewValley_Mobile_TapToMoveUtils_TreeGrowthStage_060066f3	0x060066f3	StardewValley.Mobile.TapToMoveUtils	TreeGrowthStage
0x101fcc95c	SDV_StardewValley_Mobile_TapToMoveUtils_TreeGrowthStage_060066f4	0x060066f4	StardewValley.Mobile.TapToMoveUtils	TreeGrowthStage
0x101fccac8	SDV_StardewValley_Mobile_TapToMoveUtils_IsTreeAt_060066f5	0x060066f5	StardewValley.Mobile.TapToMoveUtils	IsTreeAt
0x101fccb0c	SDV_StardewValley_Mobile_TapToMoveUtils_IsTreeAt_060066f6	0x060066f6	StardewValley.Mobile.TapToMoveUtils	IsTreeAt
0x101fccb4c	SDV_StardewValley_Mobile_TapToMoveUtils_IsTreeAt_060066f7	0x060066f7	StardewValley.Mobile.TapToMoveUtils	IsTreeAt
0x101fccc38	SDV_StardewValley_Mobile_TapToMoveUtils_GetTreeAt_060066f8	0x060066f8	StardewValley.Mobile.TapToMoveUtils	GetTreeAt
0x101fccd20	SDV_StardewValley_Mobile_TapToMoveUtils_IsBushAt_060066f9	0x060066f9	StardewValley.Mobile.TapToMoveUtils	IsBushAt
0x101fcce74	SDV_StardewValley_Mobile_TapToMoveUtils_IsBushAt_060066fa	0x060066fa	StardewValley.Mobile.TapToMoveUtils	IsBushAt
0x101fccfa4	SDV_StardewValley_Mobile_TapToMoveUtils_IsBushAt_060066fb	0x060066fb	StardewValley.Mobile.TapToMoveUtils	IsBushAt
0x101fcd084	SDV_StardewValley_Mobile_TapToMoveUtils_IsBushAtPoint_060066fc	0x060066fc	StardewValley.Mobile.TapToMoveUtils	IsBushAtPoint
0x101fcd240	SDV_StardewValley_Mobile_TapToMoveUtils_IsChoppableBushAtPoint_060066fd	0x060066fd	StardewValley.Mobile.TapToMoveUtils	IsChoppableBushAtPoint
0x101fcd440	SDV_StardewValley_Mobile_TapToMoveUtils_FetchBushAt_060066fe	0x060066fe	StardewValley.Mobile.TapToMoveUtils	FetchBushAt
0x101fcd57c	SDV_StardewValley_Mobile_TapToMoveUtils_FetchBushAtPoint_060066ff	0x060066ff	StardewValley.Mobile.TapToMoveUtils	FetchBushAtPoint
0x101fcd754	SDV_StardewValley_Mobile_TapToMoveUtils_IsTerrainFeatureAt_06006700	0x06006700	StardewValley.Mobile.TapToMoveUtils	IsTerrainFeatureAt
0x101fcd904	SDV_StardewValley_Mobile_TapToMoveUtils_IsStumpAt_06006701	0x06006701	StardewValley.Mobile.TapToMoveUtils	IsStumpAt
0x101fcd954	SDV_StardewValley_Mobile_TapToMoveUtils_IsStumpAt_06006702	0x06006702	StardewValley.Mobile.TapToMoveUtils	IsStumpAt
0x101fcd994	SDV_StardewValley_Mobile_TapToMoveUtils_IsStumpAt_06006703	0x06006703	StardewValley.Mobile.TapToMoveUtils	IsStumpAt
0x101fcdb20	SDV_StardewValley_Mobile_TapToMoveUtils_IsGiantWeedAt_06006704	0x06006704	StardewValley.Mobile.TapToMoveUtils	IsGiantWeedAt
0x101fcdb70	SDV_StardewValley_Mobile_TapToMoveUtils_IsGiantWeedAt_06006705	0x06006705	StardewValley.Mobile.TapToMoveUtils	IsGiantWeedAt
0x101fcdbb0	SDV_StardewValley_Mobile_TapToMoveUtils_IsGiantWeedAt_06006706	0x06006706	StardewValley.Mobile.TapToMoveUtils	IsGiantWeedAt
0x101fcdd3c	SDV_StardewValley_Mobile_TapToMoveUtils_IsBoulderAt_06006707	0x06006707	StardewValley.Mobile.TapToMoveUtils	IsBoulderAt
0x101fcdd8c	SDV_StardewValley_Mobile_TapToMoveUtils_IsBoulderAt_06006708	0x06006708	StardewValley.Mobile.TapToMoveUtils	IsBoulderAt
0x101fcddcc	SDV_StardewValley_Mobile_TapToMoveUtils_IsBoulderAt_06006709	0x06006709	StardewValley.Mobile.TapToMoveUtils	IsBoulderAt
0x101fce110	SDV_StardewValley_Mobile_TapToMoveUtils_isResourceClumpBoulderAt_0600670a	0x0600670a	StardewValley.Mobile.TapToMoveUtils	isResourceClumpBoulderAt
0x101fce1d0	SDV_StardewValley_Mobile_TapToMoveUtils_FetchMostAccessibleNodeToCrabPot_0600670b	0x0600670b	StardewValley.Mobile.TapToMoveUtils	FetchMostAccessibleNodeToCrabPot
0x101fce43c	SDV_StardewValley_Mobile_TapToMoveUtils_CrabPotNeighbour_0600670c	0x0600670c	StardewValley.Mobile.TapToMoveUtils	CrabPotNeighbour
0x101fce5a8	SDV_StardewValley_Mobile_TapToMoveUtils_ClickedCrabPot_0600670d	0x0600670d	StardewValley.Mobile.TapToMoveUtils	ClickedCrabPot
0x101fce788	SDV_StardewValley_Mobile_TapToMoveUtils_IsWizardBuilding_0600670e	0x0600670e	StardewValley.Mobile.TapToMoveUtils	IsWizardBuilding
0x101fce7e0	SDV_StardewValley_Mobile_TapToMoveUtils_IsWizardBuilding_0600670f	0x0600670f	StardewValley.Mobile.TapToMoveUtils	IsWizardBuilding
0x101fce8f8	SDV_StardewValley_Mobile_TapToMoveUtils_GetWalkDirectionFacing_06006710	0x06006710	StardewValley.Mobile.TapToMoveUtils	GetWalkDirectionFacing
0x101fce9a4	SDV_StardewValley_Mobile_TapToMoveUtils_GetDirectionFacing_06006711	0x06006711	StardewValley.Mobile.TapToMoveUtils	GetDirectionFacing
0x101fcea50	SDV_StardewValley_Mobile_TapToMoveUtils_FetchNextPointOut_06006712	0x06006712	StardewValley.Mobile.TapToMoveUtils	FetchNextPointOut
0x101fcea78	SDV_StardewValley_Mobile_TapToMoveUtils_FetchAStarNodeNearestWaterSource_06006713	0x06006713	StardewValley.Mobile.TapToMoveUtils	FetchAStarNodeNearestWaterSource
0x101fcef58	SDV_StardewValley_Mobile_TapToMoveUtils_FetchNearestAStarLandNodePerpendicularToWaterSource_06006714	0x06006714	StardewValley.Mobile.TapToMoveUtils	FetchNearestAStarLandNodePerpendicularToWaterSource
0x101fcf268	SDV_StardewValley_Mobile_TapToMoveUtils_retargetToParrotExpressSpot_06006715	0x06006715	StardewValley.Mobile.TapToMoveUtils	retargetToParrotExpressSpot
0x101fcf4b4	SDV_StardewValley_Mobile_TapToMoveUtils_retargetToBedSpot_06006716	0x06006716	StardewValley.Mobile.TapToMoveUtils	retargetToBedSpot
0x101fcf6c0	SDV_StardewValley_Mobile_TapToMoveUtils_TappedEggAtEggFestival_06006717	0x06006717	StardewValley.Mobile.TapToMoveUtils	TappedEggAtEggFestival
0x101fcf87c	SDV_StardewValley_Mobile_TapToMoveUtils_FetchFarmAnimal_06006718	0x06006718	StardewValley.Mobile.TapToMoveUtils	FetchFarmAnimal
0x101fcfa80	SDV_StardewValley_Mobile_TapToMoveUtils_FetchGate_06006719	0x06006719	StardewValley.Mobile.TapToMoveUtils	FetchGate
0x101fcfba8	SDV_StardewValley_Mobile_TapToMoveUtils_TraceMap_0600671a	0x0600671a	StardewValley.Mobile.TapToMoveUtils	TraceMap
0x101fd065c	SDV_StardewValley_Mobile_TapToMoveUtils_GetTileNextToBuildingNearestFarmer_0600671b	0x0600671b	StardewValley.Mobile.TapToMoveUtils	GetTileNextToBuildingNearestFarmer
0x101fd0e0c	SDV_StardewValley_Mobile_TapToMoveUtils_FetchAccessibleTileNextToBuilding_0600671c	0x0600671c	StardewValley.Mobile.TapToMoveUtils	FetchAccessibleTileNextToBuilding
0x101fd0f9c	SDV_StardewValley_Mobile_TapToMoveUtils_ListOfTilesSurroundingBuilding_0600671d	0x0600671d	StardewValley.Mobile.TapToMoveUtils	ListOfTilesSurroundingBuilding
0x101fd1484	SDV_StardewValley_Mobile_TapToMoveUtils_ctor_0600671e	0x0600671e	StardewValley.Mobile.TapToMoveUtils	.ctor
0x101fd1488	SDV_StardewValley_Mobile_VirtualJoypad_get_joystickWasJustHeld_0600671f	0x0600671f	StardewValley.Mobile.VirtualJoypad	get_joystickWasJustHeld
0x101fd14ac	SDV_StardewValley_Mobile_VirtualJoypad_get_joystickHeld_06006720	0x06006720	StardewValley.Mobile.VirtualJoypad	get_joystickHeld
0x101fd14d0	SDV_StardewValley_Mobile_VirtualJoypad_set_joystickHeld_06006721	0x06006721	StardewValley.Mobile.VirtualJoypad	set_joystickHeld
0x101fd152c	SDV_StardewValley_Mobile_VirtualJoypad_get_adjustmentMode_06006722	0x06006722	StardewValley.Mobile.VirtualJoypad	get_adjustmentMode
0x101fd1550	SDV_StardewValley_Mobile_VirtualJoypad_set_adjustmentMode_06006723	0x06006723	StardewValley.Mobile.VirtualJoypad	set_adjustmentMode
0x101fd1674	SDV_StardewValley_Mobile_VirtualJoypad_get_sizeJoystick_06006724	0x06006724	StardewValley.Mobile.VirtualJoypad	get_sizeJoystick
0x101fd16bc	SDV_StardewValley_Mobile_VirtualJoypad_set_sizeJoystick_06006725	0x06006725	StardewValley.Mobile.VirtualJoypad	set_sizeJoystick
0x101fd1714	SDV_StardewValley_Mobile_VirtualJoypad_get_sizeButtonA_06006726	0x06006726	StardewValley.Mobile.VirtualJoypad	get_sizeButtonA
0x101fd175c	SDV_StardewValley_Mobile_VirtualJoypad_set_sizeButtonA_06006727	0x06006727	StardewValley.Mobile.VirtualJoypad	set_sizeButtonA
0x101fd17b4	SDV_StardewValley_Mobile_VirtualJoypad_get_sizeButtonB_06006728	0x06006728	StardewValley.Mobile.VirtualJoypad	get_sizeButtonB
0x101fd17fc	SDV_StardewValley_Mobile_VirtualJoypad_set_sizeButtonB_06006729	0x06006729	StardewValley.Mobile.VirtualJoypad	set_sizeButtonB
0x101fd1854	SDV_StardewValley_Mobile_VirtualJoypad_get_positionJoystick_0600672a	0x0600672a	StardewValley.Mobile.VirtualJoypad	get_positionJoystick
0x101fd189c	SDV_StardewValley_Mobile_VirtualJoypad_set_positionJoystick_0600672b	0x0600672b	StardewValley.Mobile.VirtualJoypad	set_positionJoystick
0x101fd18f8	SDV_StardewValley_Mobile_VirtualJoypad_SetPositionJoystick_0600672c	0x0600672c	StardewValley.Mobile.VirtualJoypad	SetPositionJoystick
0x101fd1958	SDV_StardewValley_Mobile_VirtualJoypad_get_positionButtonA_0600672d	0x0600672d	StardewValley.Mobile.VirtualJoypad	get_positionButtonA
0x101fd19a0	SDV_StardewValley_Mobile_VirtualJoypad_set_positionButtonA_0600672e	0x0600672e	StardewValley.Mobile.VirtualJoypad	set_positionButtonA
0x101fd19fc	SDV_StardewValley_Mobile_VirtualJoypad_SetPositionButtonA_0600672f	0x0600672f	StardewValley.Mobile.VirtualJoypad	SetPositionButtonA
0x101fd1a5c	SDV_StardewValley_Mobile_VirtualJoypad_get_positionButtonB_06006730	0x06006730	StardewValley.Mobile.VirtualJoypad	get_positionButtonB
0x101fd1aa4	SDV_StardewValley_Mobile_VirtualJoypad_set_positionButtonB_06006731	0x06006731	StardewValley.Mobile.VirtualJoypad	set_positionButtonB
0x101fd1b00	SDV_StardewValley_Mobile_VirtualJoypad_SetPositionButtonB_06006732	0x06006732	StardewValley.Mobile.VirtualJoypad	SetPositionButtonB
0x101fd1b60	SDV_StardewValley_Mobile_VirtualJoypad_ctor_06006733	0x06006733	StardewValley.Mobile.VirtualJoypad	.ctor
0x101fd1f84	SDV_StardewValley_Mobile_VirtualJoypad_get_screenWidth_06006734	0x06006734	StardewValley.Mobile.VirtualJoypad	get_screenWidth
0x101fd2024	SDV_StardewValley_Mobile_VirtualJoypad_get_screenHeight_06006735	0x06006735	StardewValley.Mobile.VirtualJoypad	get_screenHeight
0x101fd20c4	SDV_StardewValley_Mobile_VirtualJoypad_get_joystickScale_06006736	0x06006736	StardewValley.Mobile.VirtualJoypad	get_joystickScale
0x101fd2144	SDV_StardewValley_Mobile_VirtualJoypad_get_buttonAScale_06006737	0x06006737	StardewValley.Mobile.VirtualJoypad	get_buttonAScale
0x101fd21c4	SDV_StardewValley_Mobile_VirtualJoypad_get_buttonBScale_06006738	0x06006738	StardewValley.Mobile.VirtualJoypad	get_buttonBScale
0x101fd2244	SDV_StardewValley_Mobile_VirtualJoypad_CreateAdjusterControls_06006739	0x06006739	StardewValley.Mobile.VirtualJoypad	CreateAdjusterControls
0x101fd296c	SDV_StardewValley_Mobile_VirtualJoypad_OnClickSetToDefaults_0600673a	0x0600673a	StardewValley.Mobile.VirtualJoypad	OnClickSetToDefaults
0x101fd29bc	SDV_StardewValley_Mobile_VirtualJoypad_get_settingsStr_0600673b	0x0600673b	StardewValley.Mobile.VirtualJoypad	get_settingsStr
0x101fd2cac	SDV_StardewValley_Mobile_VirtualJoypad_CheckToSetDefaults_0600673c	0x0600673c	StardewValley.Mobile.VirtualJoypad	CheckToSetDefaults
0x101fd2d50	SDV_StardewValley_Mobile_VirtualJoypad_SetJoystickDefaults_0600673d	0x0600673d	StardewValley.Mobile.VirtualJoypad	SetJoystickDefaults
0x101fd2edc	SDV_StardewValley_Mobile_VirtualJoypad_SetButtonADefaults_0600673e	0x0600673e	StardewValley.Mobile.VirtualJoypad	SetButtonADefaults
0x101fd2fd4	SDV_StardewValley_Mobile_VirtualJoypad_SetButtonBDefaults_0600673f	0x0600673f	StardewValley.Mobile.VirtualJoypad	SetButtonBDefaults
0x101fd30c0	SDV_StardewValley_Mobile_VirtualJoypad_gameWindowSizeChanged_06006740	0x06006740	StardewValley.Mobile.VirtualJoypad	gameWindowSizeChanged
0x101fd3100	SDV_StardewValley_Mobile_VirtualJoypad_UpdateSettings_06006741	0x06006741	StardewValley.Mobile.VirtualJoypad	UpdateSettings
0x101fd31bc	SDV_StardewValley_Mobile_VirtualJoypad_UpdateJoystickAndButtonsSizePositionAndScale_06006742	0x06006742	StardewValley.Mobile.VirtualJoypad	UpdateJoystickAndButtonsSizePositionAndScale
0x101fd3204	SDV_StardewValley_Mobile_VirtualJoypad_UpdateJoystickAndButtonsStartPositions_06006743	0x06006743	StardewValley.Mobile.VirtualJoypad	UpdateJoystickAndButtonsStartPositions
0x101fd3324	SDV_StardewValley_Mobile_VirtualJoypad_SetAttackJoystickStartPosition_06006744	0x06006744	StardewValley.Mobile.VirtualJoypad	SetAttackJoystickStartPosition
0x101fd34ac	SDV_StardewValley_Mobile_VirtualJoypad_SetInvisbleJoystickBounds_06006745	0x06006745	StardewValley.Mobile.VirtualJoypad	SetInvisbleJoystickBounds
0x101fd3738	SDV_StardewValley_Mobile_VirtualJoypad_SetInvisbleJoystickBoundsOneButton_06006746	0x06006746	StardewValley.Mobile.VirtualJoypad	SetInvisbleJoystickBoundsOneButton
0x101fd3a34	SDV_StardewValley_Mobile_VirtualJoypad_TappedInvisibleAttackButtonA_06006747	0x06006747	StardewValley.Mobile.VirtualJoypad	TappedInvisibleAttackButtonA
0x101fd3bc0	SDV_StardewValley_Mobile_VirtualJoypad_TappedInvisibleAttackButtonB_06006748	0x06006748	StardewValley.Mobile.VirtualJoypad	TappedInvisibleAttackButtonB
0x101fd3cec	SDV_StardewValley_Mobile_VirtualJoypad_TappedInvisibleSingleAttackButton_06006749	0x06006749	StardewValley.Mobile.VirtualJoypad	TappedInvisibleSingleAttackButton
0x101fd3e7c	SDV_StardewValley_Mobile_VirtualJoypad_OnTapInvisibleJoystick_0600674a	0x0600674a	StardewValley.Mobile.VirtualJoypad	OnTapInvisibleJoystick
0x101fd4264	SDV_StardewValley_Mobile_VirtualJoypad_get_PositionFromStart_0600674b	0x0600674b	StardewValley.Mobile.VirtualJoypad	get_PositionFromStart
0x101fd42c8	SDV_StardewValley_Mobile_VirtualJoypad_OnTapJoystick_0600674c	0x0600674c	StardewValley.Mobile.VirtualJoypad	OnTapJoystick
0x101fd44e0	SDV_StardewValley_Mobile_VirtualJoypad_TappedButtonA_0600674d	0x0600674d	StardewValley.Mobile.VirtualJoypad	TappedButtonA
0x101fd4598	SDV_StardewValley_Mobile_VirtualJoypad_TappedButtonB_0600674e	0x0600674e	StardewValley.Mobile.VirtualJoypad	TappedButtonB
0x101fd4650	SDV_StardewValley_Mobile_VirtualJoypad_OnTapHeldJoystick_0600674f	0x0600674f	StardewValley.Mobile.VirtualJoypad	OnTapHeldJoystick
0x101fd4ae4	SDV_StardewValley_Mobile_VirtualJoypad_get_showJoystick_06006750	0x06006750	StardewValley.Mobile.VirtualJoypad	get_showJoystick
0x101fd4cfc	SDV_StardewValley_Mobile_VirtualJoypad_UpdateJoystick_06006751	0x06006751	StardewValley.Mobile.VirtualJoypad	UpdateJoystick
0x101fd4fa4	SDV_StardewValley_Mobile_VirtualJoypad_get_joystickAngle_06006752	0x06006752	StardewValley.Mobile.VirtualJoypad	get_joystickAngle
0x101fd4fc8	SDV_StardewValley_Mobile_VirtualJoypad_BackupSizeAndPositions_06006753	0x06006753	StardewValley.Mobile.VirtualJoypad	BackupSizeAndPositions
0x101fd503c	SDV_StardewValley_Mobile_VirtualJoypad_RevertSizeAndPositions_06006754	0x06006754	StardewValley.Mobile.VirtualJoypad	RevertSizeAndPositions
0x101fd50cc	SDV_StardewValley_Mobile_VirtualJoypad_receiveLeftClick_06006755	0x06006755	StardewValley.Mobile.VirtualJoypad	receiveLeftClick
0x101fd58b8	SDV_StardewValley_Mobile_VirtualJoypad_releaseLeftClick_06006756	0x06006756	StardewValley.Mobile.VirtualJoypad	releaseLeftClick
0x101fd59b4	SDV_StardewValley_Mobile_VirtualJoypad_update_06006757	0x06006757	StardewValley.Mobile.VirtualJoypad	update
0x101fd5c5c	SDV_StardewValley_Mobile_VirtualJoypad_UpdateSliderPosition_06006758	0x06006758	StardewValley.Mobile.VirtualJoypad	UpdateSliderPosition
0x101fd5ce0	SDV_StardewValley_Mobile_VirtualJoypad_UpdateButtonSizes_06006759	0x06006759	StardewValley.Mobile.VirtualJoypad	UpdateButtonSizes
0x101fd5ec4	SDV_StardewValley_Mobile_VirtualJoypad_UpdateButtonScales_0600675a	0x0600675a	StardewValley.Mobile.VirtualJoypad	UpdateButtonScales
0x101fd5fd8	SDV_StardewValley_Mobile_VirtualJoypad_MoveButtonPositions_0600675b	0x0600675b	StardewValley.Mobile.VirtualJoypad	MoveButtonPositions
0x101fd6280	SDV_StardewValley_Mobile_VirtualJoypad_get_showJoypad_0600675c	0x0600675c	StardewValley.Mobile.VirtualJoypad	get_showJoypad
0x101fd62a4	SDV_StardewValley_Mobile_VirtualJoypad_set_showJoypad_0600675d	0x0600675d	StardewValley.Mobile.VirtualJoypad	set_showJoypad
0x101fd638c	SDV_StardewValley_Mobile_VirtualJoypad_UpdateButtonToogleBounds_0600675e	0x0600675e	StardewValley.Mobile.VirtualJoypad	UpdateButtonToogleBounds
0x101fd6704	SDV_StardewValley_Mobile_VirtualJoypad_CheckForManualWeaponControlTaps_0600675f	0x0600675f	StardewValley.Mobile.VirtualJoypad	CheckForManualWeaponControlTaps
0x101fd6764	SDV_StardewValley_Mobile_VirtualJoypad_get_TouchingTwoOrMoreButtons_06006760	0x06006760	StardewValley.Mobile.VirtualJoypad	get_TouchingTwoOrMoreButtons
0x101fd67b0	SDV_StardewValley_Mobile_VirtualJoypad_get_TouchingJoystickOrButton_06006761	0x06006761	StardewValley.Mobile.VirtualJoypad	get_TouchingJoystickOrButton
0x101fd67f0	SDV_StardewValley_Mobile_VirtualJoypad_get_ButtonAPressed_06006762	0x06006762	StardewValley.Mobile.VirtualJoypad	get_ButtonAPressed
0x101fd6828	SDV_StardewValley_Mobile_VirtualJoypad_get_ButtonBPressed_06006763	0x06006763	StardewValley.Mobile.VirtualJoypad	get_ButtonBPressed
0x101fd6860	SDV_StardewValley_Mobile_VirtualJoypad_CheckForTapAttackJoystick_06006764	0x06006764	StardewValley.Mobile.VirtualJoypad	CheckForTapAttackJoystick
0x101fd6ca8	SDV_StardewValley_Mobile_VirtualJoypad_CheckForTapJoystickAndButtons_06006765	0x06006765	StardewValley.Mobile.VirtualJoypad	CheckForTapJoystickAndButtons
0x101fd76e8	SDV_StardewValley_Mobile_VirtualJoypad_SetGrabTile_06006766	0x06006766	StardewValley.Mobile.VirtualJoypad	SetGrabTile
0x101fd797c	SDV_StardewValley_Mobile_VirtualJoypad_get_GrabTile_06006767	0x06006767	StardewValley.Mobile.VirtualJoypad	get_GrabTile
0x101fd7bb0	SDV_StardewValley_Mobile_VirtualJoypad_draw_06006768	0x06006768	StardewValley.Mobile.VirtualJoypad	draw
0x101fd7bfc	SDV_StardewValley_Mobile_VirtualJoypad_drawAndUpdateToggleShowJoypadButton_06006769	0x06006769	StardewValley.Mobile.VirtualJoypad	drawAndUpdateToggleShowJoypadButton
0x101fd7c44	SDV_StardewValley_Mobile_VirtualJoypad_drawJustToggleShowJoypadButton_0600676a	0x0600676a	StardewValley.Mobile.VirtualJoypad	drawJustToggleShowJoypadButton
0x101fd7dc4	SDV_StardewValley_Mobile_VirtualJoypad_drawToggleShowJoypadButton_0600676b	0x0600676b	StardewValley.Mobile.VirtualJoypad	drawToggleShowJoypadButton
0x101fd7eb4	SDV_StardewValley_Mobile_VirtualJoypad_drawJoystickAndButtons_0600676c	0x0600676c	StardewValley.Mobile.VirtualJoypad	drawJoystickAndButtons
0x101fd8424	SDV_StardewValley_Mobile_VirtualJoypad_drawAdjusters_0600676d	0x0600676d	StardewValley.Mobile.VirtualJoypad	drawAdjusters
0x101fd8be8	SDV_StardewValley_Mobile_VirtualJoypad_resetJoypad_0600676e	0x0600676e	StardewValley.Mobile.VirtualJoypad	resetJoypad
0x101fb0fdc	SDV_StardewValley_Mobile_TapToMove_get_furniture_06006688	0x06006688	StardewValley.Mobile.TapToMove	get_furniture
0x101fb1000	SDV_StardewValley_Mobile_TapToMove_isTapToMoveWeaponControl_06006689	0x06006689	StardewValley.Mobile.TapToMove	isTapToMoveWeaponControl
0x101fb107c	SDV_StardewValley_Mobile_TapToMove_ctor_0600668a	0x0600668a	StardewValley.Mobile.TapToMove	.ctor
0x101fb1274	SDV_StardewValley_Mobile_TapToMove_Init_0600668b	0x0600668b	StardewValley.Mobile.TapToMove	Init
0x101fb1398	SDV_StardewValley_Mobile_TapToMove_LogIt_0600668c	0x0600668c	StardewValley.Mobile.TapToMove	LogIt
0x101fb139c	SDV_StardewValley_Mobile_TapToMove_get_aStarGraph_0600668d	0x0600668d	StardewValley.Mobile.TapToMove	get_aStarGraph
0x101fb13c0	SDV_StardewValley_Mobile_TapToMove_get_tapLocation_0600668e	0x0600668e	StardewValley.Mobile.TapToMove	get_tapLocation
0x101fb13f0	SDV_StardewValley_Mobile_TapToMove_get_viewportLocation_0600668f	0x0600668f	StardewValley.Mobile.TapToMove	get_viewportLocation
0x101fb1420	SDV_StardewValley_Mobile_TapToMove_get_Moving_06006690	0x06006690	StardewValley.Mobile.TapToMove	get_Moving
0x101fb144c	SDV_StardewValley_Mobile_TapToMove_get_TapHoldActive_06006691	0x06006691	StardewValley.Mobile.TapToMove	get_TapHoldActive
0x101fb1470	SDV_StardewValley_Mobile_TapToMove_get_ClickPoint_06006692	0x06006692	StardewValley.Mobile.TapToMove	get_ClickPoint
0x101fb1498	SDV_StardewValley_Mobile_TapToMove_get_TileClicked_06006693	0x06006693	StardewValley.Mobile.TapToMove	get_TileClicked
0x101fb14c0	SDV_StardewValley_Mobile_TapToMove_get_targetNPC_06006694	0x06006694	StardewValley.Mobile.TapToMove	get_targetNPC
0x101fb14e4	SDV_StardewValley_Mobile_TapToMove_get_targetFarmAnimal_06006695	0x06006695	StardewValley.Mobile.TapToMove	get_targetFarmAnimal
0x101fb1508	SDV_StardewValley_Mobile_TapToMove_get_Warping_06006696	0x06006696	StardewValley.Mobile.TapToMove	get_Warping
0x101fb152c	SDV_StardewValley_Mobile_TapToMove_test_06006697	0x06006697	StardewValley.Mobile.TapToMove	test
0x101fb15b4	SDV_StardewValley_Mobile_TapToMove_Reset_06006698	0x06006698	StardewValley.Mobile.TapToMove	Reset
0x101fb1704	SDV_StardewValley_Mobile_TapToMove_ResetRotatingFurniture_06006699	0x06006699	StardewValley.Mobile.TapToMove	ResetRotatingFurniture
0x101fb1728	SDV_StardewValley_Mobile_TapToMove_JoystickOverride_0600669a	0x0600669a	StardewValley.Mobile.TapToMove	JoystickOverride
0x101fb1774	SDV_StardewValley_Mobile_TapToMove_OnCloseActiveMenu_0600669b	0x0600669b	StardewValley.Mobile.TapToMove	OnCloseActiveMenu
0x101fb17a0	SDV_StardewValley_Mobile_TapToMove_OnTapHeld_0600669c	0x0600669c	StardewValley.Mobile.TapToMove	OnTapHeld
0x101fb2394	SDV_StardewValley_Mobile_TapToMove_OnTapRelease_0600669d	0x0600669d	StardewValley.Mobile.TapToMove	OnTapRelease
0x101fb2b14	SDV_StardewValley_Mobile_TapToMove_DoLeftClick_0600669e	0x0600669e	StardewValley.Mobile.TapToMove	DoLeftClick
0x101fb2b40	SDV_StardewValley_Mobile_TapToMove_DoRightClick_0600669f	0x0600669f	StardewValley.Mobile.TapToMove	DoRightClick
0x101fb2b6c	SDV_StardewValley_Mobile_TapToMove_MoveJoystickHeld_060066a0	0x060066a0	StardewValley.Mobile.TapToMove	MoveJoystickHeld
0x101fb2d1c	SDV_StardewValley_Mobile_TapToMove_StopMoving_060066a1	0x060066a1	StardewValley.Mobile.TapToMove	StopMoving
0x101fb2d84	SDV_StardewValley_Mobile_TapToMove_OnButtonAHeld_060066a2	0x060066a2	StardewValley.Mobile.TapToMove	OnButtonAHeld
0x101fb322c	SDV_StardewValley_Mobile_TapToMove_OnButtonARelease_060066a3	0x060066a3	StardewValley.Mobile.TapToMove	OnButtonARelease
0x101fb32b4	SDV_StardewValley_Mobile_TapToMove_AddToTapQueueItemList_060066a4	0x060066a4	StardewValley.Mobile.TapToMove	AddToTapQueueItemList
0x101fb9030	SDV_StardewValley_Mobile_TapToMove_TileOnMap_060066a6	0x060066a6	StardewValley.Mobile.TapToMove	TileOnMap
0x101fb91f0	SDV_StardewValley_Mobile_TapToMove_CheckToEatFood_060066a7	0x060066a7	StardewValley.Mobile.TapToMove	CheckToEatFood
0x101fb95e0	SDV_StardewValley_Mobile_TapToMove_CheckToDoDefenseAction_060066a8	0x060066a8	StardewValley.Mobile.TapToMove	CheckToDoDefenseAction
0x101fb96b8	SDV_StardewValley_Mobile_TapToMove_TappedOnFarmer_060066a9	0x060066a9	StardewValley.Mobile.TapToMove	TappedOnFarmer
0x101fb979c	SDV_StardewValley_Mobile_TapToMove_holdingWallpaperAndTileClickedIsWallOrFloor_060066aa	0x060066aa	StardewValley.Mobile.TapToMove	holdingWallpaperAndTileClickedIsWallOrFloor
0x101fb9944	SDV_StardewValley_Mobile_TapToMove_SelectDifferentEndNode_060066ab	0x060066ab	StardewValley.Mobile.TapToMove	SelectDifferentEndNode
0x101fb9a54	SDV_StardewValley_Mobile_TapToMove_TappedOnAnotherQueableCrop_060066ac	0x060066ac	StardewValley.Mobile.TapToMove	TappedOnAnotherQueableCrop
0x101fb9f9c	SDV_StardewValley_Mobile_TapToMove_TappedOnHoeDirtAndHoldingSeed_060066ad	0x060066ad	StardewValley.Mobile.TapToMove	TappedOnHoeDirtAndHoldingSeed
0x101fba14c	SDV_StardewValley_Mobile_TapToMove_SetMouseCursor_060066ae	0x060066ae	StardewValley.Mobile.TapToMove	SetMouseCursor
0x101fc30dc	SDV_StardewValley_Mobile_TapToMove_AutoSelectTool_060066b0	0x060066b0	StardewValley.Mobile.TapToMove	AutoSelectTool
0x101fc315c	SDV_StardewValley_Mobile_TapToMove_AutoSelectPendingTool_060066b1	0x060066b1	StardewValley.Mobile.TapToMove	AutoSelectPendingTool
0x101fc32c4	SDV_StardewValley_Mobile_TapToMove_SwitchBackToLastTool_060066b2	0x060066b2	StardewValley.Mobile.TapToMove	SwitchBackToLastTool
0x101fc3568	SDV_StardewValley_Mobile_TapToMove_chooseActiveWeapon_060066b3	0x060066b3	StardewValley.Mobile.TapToMove	chooseActiveWeapon
0x101fc35f8	SDV_StardewValley_Mobile_TapToMove_ClearAutoSelectTool_060066b4	0x060066b4	StardewValley.Mobile.TapToMove	ClearAutoSelectTool
0x101fc3660	SDV_StardewValley_Mobile_TapToMove_TryTofindAlternatePath_060066b5	0x060066b5	StardewValley.Mobile.TapToMove	TryTofindAlternatePath
0x101fc3790	SDV_StardewValley_Mobile_TapToMove_FindAlternatePath_060066b6	0x060066b6	StardewValley.Mobile.TapToMove	FindAlternatePath
0x101fc38d0	SDV_StardewValley_Mobile_TapToMove_Update_060066b7	0x060066b7	StardewValley.Mobile.TapToMove	Update
0x101fc3d2c	SDV_StardewValley_Mobile_TapToMove_attackInNewDirectionUpdate_060066b8	0x060066b8	StardewValley.Mobile.TapToMove	attackInNewDirectionUpdate
0x101fc3e7c	SDV_StardewValley_Mobile_TapToMove_CheckToRetargetNPC_060066b9	0x060066b9	StardewValley.Mobile.TapToMove	CheckToRetargetNPC
0x101fc40ac	SDV_StardewValley_Mobile_TapToMove_CheckToRetargetFarmAnimal_060066ba	0x060066ba	StardewValley.Mobile.TapToMove	CheckToRetargetFarmAnimal
0x101fc4274	SDV_StardewValley_Mobile_TapToMove_CheckToAttackMonsters_060066bb	0x060066bb	StardewValley.Mobile.TapToMove	CheckToAttackMonsters
0x101fc4ce8	SDV_StardewValley_Mobile_TapToMove_IsObjectBlockingMonster_060066bc	0x060066bc	StardewValley.Mobile.TapToMove	IsObjectBlockingMonster
0x101fc4f5c	SDV_StardewValley_Mobile_TapToMove_FollowAStarPathToNextNode_060066bd	0x060066bd	StardewValley.Mobile.TapToMove	FollowAStarPathToNextNode
0x101fc5840	SDV_StardewValley_Mobile_TapToMove_CheckToOpenClosedGate_060066be	0x060066be	StardewValley.Mobile.TapToMove	CheckToOpenClosedGate
0x101fc5a58	SDV_StardewValley_Mobile_TapToMove_MoveOnFinalTile_060066bf	0x060066bf	StardewValley.Mobile.TapToMove	MoveOnFinalTile
0x101fc61cc	SDV_StardewValley_Mobile_TapToMove_OnReachEndOfPath_060066c0	0x060066c0	StardewValley.Mobile.TapToMove	OnReachEndOfPath
0x101fc6acc	SDV_StardewValley_Mobile_TapToMove_StopMovingAfterReachingEndOfPath_060066c1	0x060066c1	StardewValley.Mobile.TapToMove	StopMovingAfterReachingEndOfPath
0x101fc6ea0	SDV_StardewValley_Mobile_TapToMove_OnTapToMoveComplete_060066c2	0x060066c2	StardewValley.Mobile.TapToMove	OnTapToMoveComplete
0x101fc7020	SDV_StardewValley_Mobile_TapToMove_CheckForQueuedReadyToHarvestTaps_060066c3	0x060066c3	StardewValley.Mobile.TapToMove	CheckForQueuedReadyToHarvestTaps
0x101fc7388	SDV_StardewValley_Mobile_TapToMove_CheckToWaterNextTile_060066c4	0x060066c4	StardewValley.Mobile.TapToMove	CheckToWaterNextTile
0x101fc7410	SDV_StardewValley_Mobile_TapToMove_faceTileClicked_060066c5	0x060066c5	StardewValley.Mobile.TapToMove	faceTileClicked
0x101fc76f4	SDV_StardewValley_Mobile_TapToMove_faceClickPoint_060066c6	0x060066c6	StardewValley.Mobile.TapToMove	faceClickPoint
0x101fc789c	SDV_StardewValley_Mobile_TapToMove_WateringCanActionAtEndNode_060066c7	0x060066c7	StardewValley.Mobile.TapToMove	WateringCanActionAtEndNode
0x101fc7b20	SDV_StardewValley_Mobile_TapToMove_PerformCrabPotAction_060066c8	0x060066c8	StardewValley.Mobile.TapToMove	PerformCrabPotAction
0x101fc7cb0	SDV_StardewValley_Mobile_TapToMove_PerformAction_060066c9	0x060066c9	StardewValley.Mobile.TapToMove	PerformAction
0x101fc84b4	SDV_StardewValley_Mobile_TapToMove_cctor_060066ca	0x060066ca	StardewValley.Mobile.TapToMove	.cctor
0x1020b4a70	SDV_StardewValley_Mobile_TapToMove_SelectedToolState_ctor_06007427	0x06007427	StardewValley.Mobile.TapToMove+SelectedToolState	.ctor
0x101fa7620	SDV_StardewValley_Mobile_AStarNode_get_fCost_0600661e	0x0600661e	StardewValley.Mobile.AStarNode	get_fCost
0x101fa7644	SDV_StardewValley_Mobile_AStarNode_set_fCost_0600661f	0x0600661f	StardewValley.Mobile.AStarNode	set_fCost
0x101fa7668	SDV_StardewValley_Mobile_AStarNode_get_gCost_06006620	0x06006620	StardewValley.Mobile.AStarNode	get_gCost
0x101fa768c	SDV_StardewValley_Mobile_AStarNode_set_gCost_06006621	0x06006621	StardewValley.Mobile.AStarNode	set_gCost
0x101fa76b0	SDV_StardewValley_Mobile_AStarNode_get_hCost_06006622	0x06006622	StardewValley.Mobile.AStarNode	get_hCost
0x101fa76d4	SDV_StardewValley_Mobile_AStarNode_set_hCost_06006623	0x06006623	StardewValley.Mobile.AStarNode	set_hCost
0x101fa76f8	SDV_StardewValley_Mobile_AStarNode_get_parentNode_06006624	0x06006624	StardewValley.Mobile.AStarNode	get_parentNode
0x101fa771c	SDV_StardewValley_Mobile_AStarNode_set_parentNode_06006625	0x06006625	StardewValley.Mobile.AStarNode	set_parentNode
0x101fa775c	SDV_StardewValley_Mobile_AStarNode_get_x_06006626	0x06006626	StardewValley.Mobile.AStarNode	get_x
0x101fa7780	SDV_StardewValley_Mobile_AStarNode_set_x_06006627	0x06006627	StardewValley.Mobile.AStarNode	set_x
0x101fa77a4	SDV_StardewValley_Mobile_AStarNode_get_y_06006628	0x06006628	StardewValley.Mobile.AStarNode	get_y
0x101fa77c8	SDV_StardewValley_Mobile_AStarNode_set_y_06006629	0x06006629	StardewValley.Mobile.AStarNode	set_y
0x101fa77ec	SDV_StardewValley_Mobile_AStarNode_ctor_0600662a	0x0600662a	StardewValley.Mobile.AStarNode	.ctor
0x101fa7838	SDV_StardewValley_Mobile_AStarNode_get_rectangle_0600662b	0x0600662b	StardewValley.Mobile.AStarNode	get_rectangle
0x101fa78ac	SDV_StardewValley_Mobile_AStarNode_SetBubbleIDRecursively_0600662c	0x0600662c	StardewValley.Mobile.AStarNode	SetBubbleIDRecursively
0x101fa7a78	SDV_StardewValley_Mobile_AStarNode_GetNeighbouringNodeList_0600662d	0x0600662d	StardewValley.Mobile.AStarNode	GetNeighbouringNodeList
0x101fa7d94	SDV_StardewValley_Mobile_AStarNode_GetNeighbouringNodeListFull_0600662e	0x0600662e	StardewValley.Mobile.AStarNode	GetNeighbouringNodeListFull
0x101fa8320	SDV_StardewValley_Mobile_AStarNode_get_NeighbouringNodeList_0600662f	0x0600662f	StardewValley.Mobile.AStarNode	get_NeighbouringNodeList
0x101fa835c	SDV_StardewValley_Mobile_AStarNode_get_OccupiedNeighbouringNodeList_06006630	0x06006630	StardewValley.Mobile.AStarNode	get_OccupiedNeighbouringNodeList
0x101fa8398	SDV_StardewValley_Mobile_AStarNode_get_NodeCenterOnMap_06006631	0x06006631	StardewValley.Mobile.AStarNode	get_NodeCenterOnMap
0x101fa83dc	SDV_StardewValley_Mobile_AStarNode_GetBoundingBox_06006632	0x06006632	StardewValley.Mobile.AStarNode	GetBoundingBox
0x101fa8450	SDV_StardewValley_Mobile_AStarNode_get_FakeTileClear_06006633	0x06006633	StardewValley.Mobile.AStarNode	get_FakeTileClear
0x101fa8474	SDV_StardewValley_Mobile_AStarNode_set_FakeTileClear_06006634	0x06006634	StardewValley.Mobile.AStarNode	set_FakeTileClear
0x101fa8498	SDV_StardewValley_Mobile_AStarNode_get_TileClear_06006635	0x06006635	StardewValley.Mobile.AStarNode	get_TileClear
0x101fa8688	SDV_StardewValley_Mobile_AStarNode_ContainsParrotExpress_06006636	0x06006636	StardewValley.Mobile.AStarNode	ContainsParrotExpress
0x101fa88e0	SDV_StardewValley_Mobile_AStarNode_DebugTileClear_06006637	0x06006637	StardewValley.Mobile.AStarNode	DebugTileClear
0x101fa8920	SDV_StardewValley_Mobile_AStarNode_get_BrokenFestivalTile_06006638	0x06006638	StardewValley.Mobile.AStarNode	get_BrokenFestivalTile
0x101fa8b20	SDV_StardewValley_Mobile_AStarNode_ContainsTravellingCart_06006639	0x06006639	StardewValley.Mobile.AStarNode	ContainsTravellingCart
0x101fa8d00	SDV_StardewValley_Mobile_AStarNode_ContainsTravellingDesertShop_0600663a	0x0600663a	StardewValley.Mobile.AStarNode	ContainsTravellingDesertShop
0x101fa8df4	SDV_StardewValley_Mobile_AStarNode_ContainsCinema_0600663b	0x0600663b	StardewValley.Mobile.AStarNode	ContainsCinema
0x101fa8f0c	SDV_StardewValley_Mobile_AStarNode_isBlockingBedTile_0600663c	0x0600663c	StardewValley.Mobile.AStarNode	isBlockingBedTile
0x101fa9008	SDV_StardewValley_Mobile_AStarNode_isFence_0600663d	0x0600663d	StardewValley.Mobile.AStarNode	isFence
0x101fa9140	SDV_StardewValley_Mobile_AStarNode_isGate_0600663e	0x0600663e	StardewValley.Mobile.AStarNode	isGate
0x101fa9294	SDV_StardewValley_Mobile_AStarNode_isGateOpen_0600663f	0x0600663f	StardewValley.Mobile.AStarNode	isGateOpen
0x101fa943c	SDV_StardewValley_Mobile_AStarNode_FetchObject_06006640	0x06006640	StardewValley.Mobile.AStarNode	FetchObject
0x101fa951c	SDV_StardewValley_Mobile_AStarNode_ObjectParentSheetIndexOnTile_06006641	0x06006641	StardewValley.Mobile.AStarNode	ObjectParentSheetIndexOnTile
0x101fa95f8	SDV_StardewValley_Mobile_AStarNode_DebugObjectParentSheetIndexOnTile_06006642	0x06006642	StardewValley.Mobile.AStarNode	DebugObjectParentSheetIndexOnTile
0x101fa9730	SDV_StardewValley_Mobile_AStarNode_isTilePassable_06006643	0x06006643	StardewValley.Mobile.AStarNode	isTilePassable
0x101fa9794	SDV_StardewValley_Mobile_AStarNode_IsBuildingPassable_06006644	0x06006644	StardewValley.Mobile.AStarNode	IsBuildingPassable
0x101fa9a74	SDV_StardewValley_Mobile_AStarNode_DebugIsTilePassable_06006645	0x06006645	StardewValley.Mobile.AStarNode	DebugIsTilePassable
0x101faa99c	SDV_StardewValley_Mobile_AStarNode_ContainsSomeKindOfWarp_06006646	0x06006646	StardewValley.Mobile.AStarNode	ContainsSomeKindOfWarp
0x101faacd4	SDV_StardewValley_Mobile_AStarNode_ContainsStumpOrBoulder_06006647	0x06006647	StardewValley.Mobile.AStarNode	ContainsStumpOrBoulder
0x101fab1dc	SDV_StardewValley_Mobile_AStarNode_ContainsGiantWeed_06006648	0x06006648	StardewValley.Mobile.AStarNode	ContainsGiantWeed
0x101fab390	SDV_StardewValley_Mobile_AStarNode_ContainsGiantCrop_06006649	0x06006649	StardewValley.Mobile.AStarNode	ContainsGiantCrop
0x101fab530	SDV_StardewValley_Mobile_AStarNode_FetchGiantCrop_0600664a	0x0600664a	StardewValley.Mobile.AStarNode	FetchGiantCrop
0x101fab6dc	SDV_StardewValley_Mobile_AStarNode_ContainsStumpOrHollowLog_0600664b	0x0600664b	StardewValley.Mobile.AStarNode	ContainsStumpOrHollowLog
0x101fab848	SDV_StardewValley_Mobile_AStarNode_ContainsFurniture_0600664c	0x0600664c	StardewValley.Mobile.AStarNode	ContainsFurniture
0x101faba3c	SDV_StardewValley_Mobile_AStarNode_GetFurniture_0600664d	0x0600664d	StardewValley.Mobile.AStarNode	GetFurniture
0x101fabde4	SDV_StardewValley_Mobile_AStarNode_ContainsChest_0600664e	0x0600664e	StardewValley.Mobile.AStarNode	ContainsChest
0x101fabed8	SDV_StardewValley_Mobile_AStarNode_FetchChest_0600664f	0x0600664f	StardewValley.Mobile.AStarNode	FetchChest
0x101fabfcc	SDV_StardewValley_Mobile_AStarNode_isBed_06006650	0x06006650	StardewValley.Mobile.AStarNode	isBed
0x101fac0ec	SDV_StardewValley_Mobile_AStarNode_ContainsBuilding_06006651	0x06006651	StardewValley.Mobile.AStarNode	ContainsBuilding
0x101fac468	SDV_StardewValley_Mobile_AStarNode_FetchBuilding_06006652	0x06006652	StardewValley.Mobile.AStarNode	FetchBuilding
0x101fac668	SDV_StardewValley_Mobile_AStarNode_ContainsNPC_06006653	0x06006653	StardewValley.Mobile.AStarNode	ContainsNPC
0x101facad0	SDV_StardewValley_Mobile_AStarNode_FetchNPC_06006654	0x06006654	StardewValley.Mobile.AStarNode	FetchNPC
0x101facfe8	SDV_StardewValley_Mobile_AStarNode_ContainsAnimals_06006655	0x06006655	StardewValley.Mobile.AStarNode	ContainsAnimals
0x101fad38c	SDV_StardewValley_Mobile_AStarNode_ContainsProp_06006656	0x06006656	StardewValley.Mobile.AStarNode	ContainsProp
0x101fad508	SDV_StardewValley_Mobile_AStarNode_ContainsFestivalProp_06006657	0x06006657	StardewValley.Mobile.AStarNode	ContainsFestivalProp
0x101fad69c	SDV_StardewValley_Mobile_AStarNode_ContainsGate_06006658	0x06006658	StardewValley.Mobile.AStarNode	ContainsGate
0x101fad7f4	SDV_StardewValley_Mobile_AStarNode_ContainsScarecrow_06006659	0x06006659	StardewValley.Mobile.AStarNode	ContainsScarecrow
0x101fad934	SDV_StardewValley_Mobile_AStarNode_FetchGate_0600665a	0x0600665a	StardewValley.Mobile.AStarNode	FetchGate
0x101fada8c	SDV_StardewValley_Mobile_AStarNode_get_fakeTileClear_0600665b	0x0600665b	StardewValley.Mobile.AStarNode	get_fakeTileClear
0x101fadab0	SDV_StardewValley_Mobile_AStarNode_get_rect_0600665c	0x0600665c	StardewValley.Mobile.AStarNode	get_rect
0x101fadb24	SDV_StardewValley_Mobile_AStarNode_ToString_0600665d	0x0600665d	StardewValley.Mobile.AStarNode	ToString
0x101fa1424	SDV_StardewValley_Mobile_AStarGraph_Init_060065fb	0x060065fb	StardewValley.Mobile.AStarGraph	Init
0x101fa170c	SDV_StardewValley_Mobile_AStarGraph_FetchAStarNode_060065fc	0x060065fc	StardewValley.Mobile.AStarGraph	FetchAStarNode
0x101fa1828	SDV_StardewValley_Mobile_AStarGraph_get_FarmerAStarNode_060065fd	0x060065fd	StardewValley.Mobile.AStarGraph	get_FarmerAStarNode
0x101fa18e0	SDV_StardewValley_Mobile_AStarGraph_get_FarmerAStarNodeOffset_060065fe	0x060065fe	StardewValley.Mobile.AStarGraph	get_FarmerAStarNodeOffset
0x101fa1a20	SDV_StardewValley_Mobile_AStarGraph_FetchNeighbourNodeThatIsPassible_060065ff	0x060065ff	StardewValley.Mobile.AStarGraph	FetchNeighbourNodeThatIsPassible
0x101fa1b40	SDV_StardewValley_Mobile_AStarGraph_get_Nodes_06006600	0x06006600	StardewValley.Mobile.AStarGraph	get_Nodes
0x101fa1b64	SDV_StardewValley_Mobile_AStarGraph_AddNode_06006601	0x06006601	StardewValley.Mobile.AStarGraph	AddNode
0x101fa1c4c	SDV_StardewValley_Mobile_AStarGraph_GetShortestPathDijkstra_06006602	0x06006602	StardewValley.Mobile.AStarGraph	GetShortestPathDijkstra
0x101fa23f0	SDV_StardewValley_Mobile_AStarGraph_GetShortestPathAStar_06006603	0x06006603	StardewValley.Mobile.AStarGraph	GetShortestPathAStar
0x101fa2f4c	SDV_StardewValley_Mobile_AStarGraph_RetracePath_06006604	0x06006604	StardewValley.Mobile.AStarGraph	RetracePath
0x101fa3124	SDV_StardewValley_Mobile_AStarGraph_SmoothRightAngles_06006605	0x06006605	StardewValley.Mobile.AStarGraph	SmoothRightAngles
0x101fa33c4	SDV_StardewValley_Mobile_AStarGraph_Distance_06006606	0x06006606	StardewValley.Mobile.AStarGraph	Distance
0x101fa33f0	SDV_StardewValley_Mobile_AStarGraph_IsNeighbouringNode_06006607	0x06006607	StardewValley.Mobile.AStarGraph	IsNeighbouringNode
0x101fa3498	SDV_StardewValley_Mobile_AStarGraph_IsNeighbouringNodeNoDiagonals_06006608	0x06006608	StardewValley.Mobile.AStarGraph	IsNeighbouringNodeNoDiagonals
0x101fa3504	SDV_StardewValley_Mobile_AStarGraph_IsNeighbouringNodeOnDiagonal_06006609	0x06006609	StardewValley.Mobile.AStarGraph	IsNeighbouringNodeOnDiagonal
0x101fa3564	SDV_StardewValley_Mobile_AStarGraph_IsSameNode_0600660a	0x0600660a	StardewValley.Mobile.AStarGraph	IsSameNode
0x101fa359c	SDV_StardewValley_Mobile_AStarGraph_OppositeWalkDirection_0600660b	0x0600660b	StardewValley.Mobile.AStarGraph	OppositeWalkDirection
0x101fa35c0	SDV_StardewValley_Mobile_AStarGraph_AreOppositeWalkDirection_0600660c	0x0600660c	StardewValley.Mobile.AStarGraph	AreOppositeWalkDirection
0x101fa36b4	SDV_StardewValley_Mobile_AStarGraph_WalkDirectionToNextNode_0600660d	0x0600660d	StardewValley.Mobile.AStarGraph	WalkDirectionToNextNode
0x101fa37f0	SDV_StardewValley_Mobile_AStarGraph_WalkDirectionBetweenNodes_0600660e	0x0600660e	StardewValley.Mobile.AStarGraph	WalkDirectionBetweenNodes
0x101fa391c	SDV_StardewValley_Mobile_AStarGraph_WalkDirectionBetweenTwoPoints_0600660f	0x0600660f	StardewValley.Mobile.AStarGraph	WalkDirectionBetweenTwoPoints
0x101fa3a04	SDV_StardewValley_Mobile_AStarGraph_WalkDirectionBetweenTwoPointsNoDiagonals_06006610	0x06006610	StardewValley.Mobile.AStarGraph	WalkDirectionBetweenTwoPointsNoDiagonals
0x101fa3a58	SDV_StardewValley_Mobile_AStarGraph_WalkDirectionBetweenTwoNodes_06006611	0x06006611	StardewValley.Mobile.AStarGraph	WalkDirectionBetweenTwoNodes
0x101fa3b5c	SDV_StardewValley_Mobile_AStarGraph_WalkDirectionBetweenTwoTiles_06006612	0x06006612	StardewValley.Mobile.AStarGraph	WalkDirectionBetweenTwoTiles
0x101fa3c84	SDV_StardewValley_Mobile_AStarGraph_WalkDirectionBetweenTwoPointsWithLastDirection_06006613	0x06006613	StardewValley.Mobile.AStarGraph	WalkDirectionBetweenTwoPointsWithLastDirection
0x101fa3e1c	SDV_StardewValley_Mobile_AStarGraph_DiagonalWalkDirection_06006614	0x06006614	StardewValley.Mobile.AStarGraph	DiagonalWalkDirection
0x101fa69b0	SDV_StardewValley_Mobile_AStarGraph_RefreshBubbles_06006615	0x06006615	StardewValley.Mobile.AStarGraph	RefreshBubbles
0x101fa6a70	SDV_StardewValley_Mobile_AStarGraph_ResetBubbles_06006616	0x06006616	StardewValley.Mobile.AStarGraph	ResetBubbles
0x101fa6d7c	SDV_StardewValley_Mobile_AStarGraph_mergeBubbleID2IntoBubbleID_06006617	0x06006617	StardewValley.Mobile.AStarGraph	mergeBubbleID2IntoBubbleID
0x101fa7078	SDV_StardewValley_Mobile_AStarGraph_GetShortestPathToNeighbouringDiagonalAStarWithBubbleCheck_06006618	0x06006618	StardewValley.Mobile.AStarGraph	GetShortestPathToNeighbouringDiagonalAStarWithBubbleCheck
0x101fa7310	SDV_StardewValley_Mobile_AStarGraph_distance_06006619	0x06006619	StardewValley.Mobile.AStarGraph	distance
0x101fa733c	SDV_StardewValley_Mobile_AStarGraph_GetShortestPathAStarWithBubbleCheck_0600661a	0x0600661a	StardewValley.Mobile.AStarGraph	GetShortestPathAStarWithBubbleCheck
0x101fa7410	SDV_StardewValley_Mobile_AStarGraph_PathBetweenNodesExists_0600661b	0x0600661b	StardewValley.Mobile.AStarGraph	PathBetweenNodesExists
0x101fa7538	SDV_StardewValley_Mobile_AStarGraph_walkingDirectionToStardewDirection_0600661c	0x0600661c	StardewValley.Mobile.AStarGraph	walkingDirectionToStardewDirection
0x101fa7560	SDV_StardewValley_Mobile_AStarGraph_ctor_0600661d	0x0600661d	StardewValley.Mobile.AStarGraph	.ctor
0x101fae350	SDV_StardewValley_Mobile_AStarPath_get_nodes_0600665e	0x0600665e	StardewValley.Mobile.AStarPath	get_nodes
0x101fae374	SDV_StardewValley_Mobile_AStarPath_set_nodes_0600665f	0x0600665f	StardewValley.Mobile.AStarPath	set_nodes
0x101fae3b4	SDV_StardewValley_Mobile_AStarPath_get_length_06006660	0x06006660	StardewValley.Mobile.AStarPath	get_length
0x101fae3d8	SDV_StardewValley_Mobile_AStarPath_Bake_06006661	0x06006661	StardewValley.Mobile.AStarPath	Bake
0x101fae6e8	SDV_StardewValley_Mobile_AStarPath_Distance_06006662	0x06006662	StardewValley.Mobile.AStarPath	Distance
0x101fae714	SDV_StardewValley_Mobile_AStarPath_ToString_06006663	0x06006663	StardewValley.Mobile.AStarPath	ToString
0x101faea0c	SDV_StardewValley_Mobile_AStarPath_containsClosedGate_06006664	0x06006664	StardewValley.Mobile.AStarPath	containsClosedGate
0x101faec1c	SDV_StardewValley_Mobile_AStarPath_ContainsGate_06006665	0x06006665	StardewValley.Mobile.AStarPath	ContainsGate
0x101faedbc	SDV_StardewValley_Mobile_AStarPath_ctor_06006666	0x06006666	StardewValley.Mobile.AStarPath	.ctor
0x1020b49d0	SDV_StardewValley_Mobile_AStarGraph_c_DisplayClass14_0_ctor_06007425	0x06007425	StardewValley.Mobile.AStarGraph+<>c__DisplayClass14_0	.ctor
0x1020b49d4	SDV_StardewValley_Mobile_AStarGraph_c_DisplayClass14_0_GetShortestPathDijkstra_b_0_06007426	0x06007426	StardewValley.Mobile.AStarGraph+<>c__DisplayClass14_0	<GetShortestPathDijkstra>b__0
0x1017087ec	SDV_StardewValley_iOSStuff_ShowKeyboard_06002f72	0x06002f72	StardewValley.iOSStuff	ShowKeyboard
0x10170893c	SDV_StardewValley_iOSStuff_ctor_06002f73	0x06002f73	StardewValley.iOSStuff	.ctor
0x101f9dde0	SDV_StardewValley_Mobile_MobileDisplay_get_ZoomScale_060065e4	0x060065e4	StardewValley.Mobile.MobileDisplay	get_ZoomScale
0x101f9de54	SDV_StardewValley_Mobile_MobileDisplay_set_ZoomScale_060065e5	0x060065e5	StardewValley.Mobile.MobileDisplay	set_ZoomScale
0x101f9ded4	SDV_StardewValley_Mobile_MobileDisplay_get_MenuButtonScale_060065e6	0x060065e6	StardewValley.Mobile.MobileDisplay	get_MenuButtonScale
0x101f9df48	SDV_StardewValley_Mobile_MobileDisplay_set_MenuButtonScale_060065e7	0x060065e7	StardewValley.Mobile.MobileDisplay	set_MenuButtonScale
0x101f9dfc8	SDV_StardewValley_Mobile_MobileDisplay_get_ScreenWidthPixels_060065e8	0x060065e8	StardewValley.Mobile.MobileDisplay	get_ScreenWidthPixels
0x101f9e03c	SDV_StardewValley_Mobile_MobileDisplay_set_ScreenWidthPixels_060065e9	0x060065e9	StardewValley.Mobile.MobileDisplay	set_ScreenWidthPixels
0x101f9e0bc	SDV_StardewValley_Mobile_MobileDisplay_get_ScreenHeightPixels_060065ea	0x060065ea	StardewValley.Mobile.MobileDisplay	get_ScreenHeightPixels
0x101f9e130	SDV_StardewValley_Mobile_MobileDisplay_set_ScreenHeightPixels_060065eb	0x060065eb	StardewValley.Mobile.MobileDisplay	set_ScreenHeightPixels
0x101f9e1b0	SDV_StardewValley_Mobile_MobileDisplay_get_IsiPhoneX_060065ec	0x060065ec	StardewValley.Mobile.MobileDisplay	get_IsiPhoneX
0x101f9e224	SDV_StardewValley_Mobile_MobileDisplay_set_IsiPhoneX_060065ed	0x060065ed	StardewValley.Mobile.MobileDisplay	set_IsiPhoneX
0x101f9e2a4	SDV_StardewValley_Mobile_MobileDisplay_get_DesktopScale_060065ee	0x060065ee	StardewValley.Mobile.MobileDisplay	get_DesktopScale
0x101f9e318	SDV_StardewValley_Mobile_MobileDisplay_set_DesktopScale_060065ef	0x060065ef	StardewValley.Mobile.MobileDisplay	set_DesktopScale
0x101f9e398	SDV_StardewValley_Mobile_MobileDisplay_cctor_060065f0	0x060065f0	StardewValley.Mobile.MobileDisplay	.cctor
0x101f9ff60	SDV_StardewValley_Mobile_MobileDisplay_SetupDisplaySettings_060065f1	0x060065f1	StardewValley.Mobile.MobileDisplay	SetupDisplaySettings
0x101fa0054	SDV_StardewValley_Mobile_MobileDisplay_SetDisplaySettings_060065f2	0x060065f2	StardewValley.Mobile.MobileDisplay	SetDisplaySettings
0x101fa0418	SDV_StardewValley_Mobile_MobileDisplay_PrintInfo_060065f3	0x060065f3	StardewValley.Mobile.MobileDisplay	PrintInfo
0x101fa0c00	SDV_StardewValley_Mobile_MobileDisplay_CalculateZoomAndMenuScale_060065f4	0x060065f4	StardewValley.Mobile.MobileDisplay	CalculateZoomAndMenuScale
0x101fa0d64	SDV_StardewValley_Mobile_MobileDisplay_EnsureLandscapeMode_060065f5	0x060065f5	StardewValley.Mobile.MobileDisplay	EnsureLandscapeMode
0x101fa0dec	SDV_StardewValley_Mobile_MobileDisplay_Android_SetDisplaySettings_060065f6	0x060065f6	StardewValley.Mobile.MobileDisplay	Android_SetDisplaySettings
0x101fa0ef0	SDV_StardewValley_Mobile_MobileDisplay_iOS_LookupPpi_060065f7	0x060065f7	StardewValley.Mobile.MobileDisplay	iOS_LookupPpi
0x101fa10e4	SDV_StardewValley_Mobile_MobileDisplay_IsDevice_060065f8	0x060065f8	StardewValley.Mobile.MobileDisplay	IsDevice
0x101fa1230	SDV_StardewValley_Mobile_MobileDisplay_iOS_SetDisplaySettings_060065f9	0x060065f9	StardewValley.Mobile.MobileDisplay	iOS_SetDisplaySettings
0x101fa13ec	SDV_StardewValley_Mobile_MobileDisplay_ctor_060065fa	0x060065fa	StardewValley.Mobile.MobileDisplay	.ctor
0x101faee7c	SDV_StardewValley_Mobile_MobileDebug_LoadCommand_06006667	0x06006667	StardewValley.Mobile.MobileDebug	LoadCommand
0x101faeef4	SDV_StardewValley_Mobile_MobileDebug_TestFunc_06006668	0x06006668	StardewValley.Mobile.MobileDebug	TestFunc
0x101faef6c	SDV_StardewValley_Mobile_MobileDebug_ctor_06006669	0x06006669	StardewValley.Mobile.MobileDebug	.ctor
0x101faef70	SDV_StardewValley_Mobile_MobileKeyStates_Reset_0600666a	0x0600666a	StardewValley.Mobile.MobileKeyStates	Reset
0x101faefd4	SDV_StardewValley_Mobile_MobileKeyStates_StopMoving_0600666b	0x0600666b	StardewValley.Mobile.MobileKeyStates	StopMoving
0x101faf004	SDV_StardewValley_Mobile_MobileKeyStates_ResetDirections_0600666c	0x0600666c	StardewValley.Mobile.MobileKeyStates	ResetDirections
0x101faf05c	SDV_StardewValley_Mobile_MobileKeyStates_ResetLeftOrRightClickButtons_0600666d	0x0600666d	StardewValley.Mobile.MobileKeyStates	ResetLeftOrRightClickButtons
0x101faf084	SDV_StardewValley_Mobile_MobileKeyStates_Debug_0600666e	0x0600666e	StardewValley.Mobile.MobileKeyStates	Debug
0x101faf590	SDV_StardewValley_Mobile_MobileKeyStates_DebugLine_0600666f	0x0600666f	StardewValley.Mobile.MobileKeyStates	DebugLine
0x101fafa9c	SDV_StardewValley_Mobile_MobileKeyStates_SetMovePressed_06006670	0x06006670	StardewValley.Mobile.MobileKeyStates	SetMovePressed
0x101fafb7c	SDV_StardewValley_Mobile_MobileKeyStates_SetPressed_06006671	0x06006671	StardewValley.Mobile.MobileKeyStates	SetPressed
0x101fafbfc	SDV_StardewValley_Mobile_MobileKeyStates_SetUp_06006672	0x06006672	StardewValley.Mobile.MobileKeyStates	SetUp
0x101fafc58	SDV_StardewValley_Mobile_MobileKeyStates_SetDown_06006673	0x06006673	StardewValley.Mobile.MobileKeyStates	SetDown
0x101fafcb4	SDV_StardewValley_Mobile_MobileKeyStates_SetLeft_06006674	0x06006674	StardewValley.Mobile.MobileKeyStates	SetLeft
0x101fafd10	SDV_StardewValley_Mobile_MobileKeyStates_SetRight_06006675	0x06006675	StardewValley.Mobile.MobileKeyStates	SetRight
0x101fafd6c	SDV_StardewValley_Mobile_MobileKeyStates_SetUseTool_06006676	0x06006676	StardewValley.Mobile.MobileKeyStates	SetUseTool
0x101fafdc8	SDV_StardewValley_Mobile_MobileKeyStates_UpdateReleasedStates_06006677	0x06006677	StardewValley.Mobile.MobileKeyStates	UpdateReleasedStates
0x101fafe24	SDV_StardewValley_Mobile_MobileKeyStates_ctor_06006678	0x06006678	StardewValley.Mobile.MobileKeyStates	.ctor
0x101fafe28	SDV_StardewValley_Mobile_PinchZoom_get_Instance_06006679	0x06006679	StardewValley.Mobile.PinchZoom	get_Instance
0x101faff7c	SDV_StardewValley_Mobile_PinchZoom_get_MinZoom_0600667a	0x0600667a	StardewValley.Mobile.PinchZoom	get_MinZoom
0x101fb003c	SDV_StardewValley_Mobile_PinchZoom_get_ZoomLevel_0600667b	0x0600667b	StardewValley.Mobile.PinchZoom	get_ZoomLevel
0x101fb0060	SDV_StardewValley_Mobile_PinchZoom_set_ZoomLevel_0600667c	0x0600667c	StardewValley.Mobile.PinchZoom	set_ZoomLevel
0x101fb0114	SDV_StardewValley_Mobile_PinchZoom_SetZoomLevel_0600667d	0x0600667d	StardewValley.Mobile.PinchZoom	SetZoomLevel
0x101fb0138	SDV_StardewValley_Mobile_PinchZoom_get_Pinching_0600667e	0x0600667e	StardewValley.Mobile.PinchZoom	get_Pinching
0x101fb015c	SDV_StardewValley_Mobile_PinchZoom_get_ZoomingAllowed_0600667f	0x0600667f	StardewValley.Mobile.PinchZoom	get_ZoomingAllowed
0x101fb0468	SDV_StardewValley_Mobile_PinchZoom_CheckForPinchZoom_06006680	0x06006680	StardewValley.Mobile.PinchZoom	CheckForPinchZoom
0x101fb0a88	SDV_StardewValley_Mobile_PinchZoom_Center_06006681	0x06006681	StardewValley.Mobile.PinchZoom	Center
0x101fb0c18	SDV_StardewValley_Mobile_PinchZoom_CenterOnPinch_06006682	0x06006682	StardewValley.Mobile.PinchZoom	CenterOnPinch
0x101fb0cfc	SDV_StardewValley_Mobile_PinchZoom_CenterOnScreen_06006683	0x06006683	StardewValley.Mobile.PinchZoom	CenterOnScreen
0x101fb0ddc	SDV_StardewValley_Mobile_PinchZoom_CenterOnFarmer_06006684	0x06006684	StardewValley.Mobile.PinchZoom	CenterOnFarmer
0x101fb0ebc	SDV_StardewValley_Mobile_PinchZoom_ctor_06006685	0x06006685	StardewValley.Mobile.PinchZoom	.ctor
0x101fb0f30	SDV_StardewValley_Mobile_PinchZoom_cctor_06006686	0x06006686	StardewValley.Mobile.PinchZoom	.cctor
0x101fb0fb0	SDV_StardewValley_Mobile_TapQueueItem_ctor_06006687	0x06006687	StardewValley.Mobile.TapQueueItem	.ctor
0x101fd8c50	SDV_StardewValley_iOS_AppDelegate_FinishedLaunching_0600676f	0x0600676f	StardewValley.iOS.AppDelegate	FinishedLaunching
0x101fd8d90	SDV_StardewValley_iOS_AppDelegate_ContinueUserActivity_06006770	0x06006770	StardewValley.iOS.AppDelegate	ContinueUserActivity
0x101fd90a0	SDV_StardewValley_iOS_AppDelegate_OnResignActivation_06006771	0x06006771	StardewValley.iOS.AppDelegate	OnResignActivation
0x101fd90a4	SDV_StardewValley_iOS_AppDelegate_DidEnterBackground_06006772	0x06006772	StardewValley.iOS.AppDelegate	DidEnterBackground
0x101fd924c	SDV_StardewValley_iOS_AppDelegate_FinishLongRunningTask_06006773	0x06006773	StardewValley.iOS.AppDelegate	FinishLongRunningTask
0x101fd92a4	SDV_StardewValley_iOS_AppDelegate_WillEnterForeground_06006774	0x06006774	StardewValley.iOS.AppDelegate	WillEnterForeground
0x101fd92a8	SDV_StardewValley_iOS_AppDelegate_OnActivated_06006775	0x06006775	StardewValley.iOS.AppDelegate	OnActivated
0x101fd92ac	SDV_StardewValley_iOS_AppDelegate_WillTerminate_06006776	0x06006776	StardewValley.iOS.AppDelegate	WillTerminate
0x101fd92b0	SDV_StardewValley_iOS_AppDelegate_CheckToCopySaveGames_06006777	0x06006777	StardewValley.iOS.AppDelegate	CheckToCopySaveGames
0x10013a7c0	SDV_StardewValley_iOS_AppDelegate_CopySaveGame_06006778	0x06006778	StardewValley.iOS.AppDelegate	CopySaveGame
0x101fd93e0	SDV_StardewValley_iOS_AppDelegate_ShowDiskFullDialogue_06006779	0x06006779	StardewValley.iOS.AppDelegate	ShowDiskFullDialogue
0x101fd96ac	SDV_StardewValley_iOS_AppDelegate_OpenUrl_0600677a	0x0600677a	StardewValley.iOS.AppDelegate	OpenUrl
0x101fd9704	SDV_StardewValley_iOS_AppDelegate_ctor_0600677b	0x0600677b	StardewValley.iOS.AppDelegate	.ctor
0x101fd973c	SDV_StardewValley_iOS_Application_Main_0600677c	0x0600677c	StardewValley.iOS.Application	Main
0x101fd97ac	SDV_StardewValley_iOS_Application_ctor_0600677d	0x0600677d	StardewValley.iOS.Application	.ctor
0x101fdf504	SDV_StardewValley_iOSStuff_c_DisplayClass0_0_ctor_0600684a	0x0600684a	StardewValley.iOSStuff+<>c__DisplayClass0_0	.ctor
0x101fdf508	SDV_StardewValley_iOSStuff_c_DisplayClass0_0_ShowKeyboard_b_0_0600684b	0x0600684b	StardewValley.iOSStuff+<>c__DisplayClass0_0	<ShowKeyboard>b__0
0x1020b48c4	SDV_StardewValley_Mobile_MobileDisplay_MobileMetrics_ctor_06007422	0x06007422	StardewValley.Mobile.MobileDisplay+MobileMetrics	.ctor
0x1020b490c	SDV_StardewValley_Mobile_MobileDisplay_MobileMetrics_IsEqual_06007423	0x06007423	StardewValley.Mobile.MobileDisplay+MobileMetrics	IsEqual
0x1020b4950	SDV_StardewValley_Mobile_MobileDisplay_MobileMetrics_IsModel_06007424	0x06007424	StardewValley.Mobile.MobileDisplay+MobileMetrics	IsModel
0x1020b4a98	SDV_StardewValley_iOS_AppDelegate_c_DisplayClass6_0_ctor_06007428	0x06007428	StardewValley.iOS.AppDelegate+<>c__DisplayClass6_0	.ctor
0x1020b4a9c	SDV_StardewValley_iOS_AppDelegate_c_DisplayClass6_0_DidEnterBackground_b_0_06007429	0x06007429	StardewValley.iOS.AppDelegate+<>c__DisplayClass6_0	<DidEnterBackground>b__0
0x1020b4b04	SDV_StardewValley_iOS_AppDelegate_c_DisplayClass6_0_DidEnterBackground_b_1_0600742a	0x0600742a	StardewValley.iOS.AppDelegate+<>c__DisplayClass6_0	<DidEnterBackground>b__1
